year,roraima_level_ha,roraima_addition_ha,yanomami_ti_level_ha,yanomami_ti_addition_ha,roraima_minus_yanomami_ti_level_ha,collection
2014,116.35,-5.8,12.77,2.59,103.59,MapBiomas Brazil Collection 10.1 (both columns)
2015,106.19,-10.17,12.14,-0.62,94.04,MapBiomas Brazil Collection 10.1 (both columns)
2016,121.62,15.43,26.78,14.63,94.84,MapBiomas Brazil Collection 10.1 (both columns)
2017,195.85,74.23,107.43,80.66,88.42,MapBiomas Brazil Collection 10.1 (both columns)
2018,446.24,250.39,364.07,256.63,82.17,MapBiomas Brazil Collection 10.1 (both columns)
2019,741.51,295.27,667.01,302.94,74.5,MapBiomas Brazil Collection 10.1 (both columns)
2020,1451.02,709.51,1340.82,673.81,110.2,MapBiomas Brazil Collection 10.1 (both columns)
2021,2100.54,649.52,1956.05,615.23,144.49,MapBiomas Brazil Collection 10.1 (both columns)
2022,3723.37,1622.83,3573.08,1617.03,150.3,MapBiomas Brazil Collection 10.1 (both columns)
2023,4566.99,843.62,4397.25,824.18,169.74,MapBiomas Brazil Collection 10.1 (both columns)
2024,4745.38,178.39,4575.81,178.56,169.57,MapBiomas Brazil Collection 10.1 (both columns)
