year,yanomami,munduruku,kayapo,other19,all22,roraima_minus_yanomami_ti_addition
2014,2.59,17.75,290.51,19.84,330.69,-8.39
2015,-0.62,54.73,250.54,20.18,324.83,-9.55
2016,14.63,117.55,676.7,44.05,852.93,0.8
2017,80.66,409.63,1286.8,44.22,1821.32,-6.42
2018,256.63,509.33,1309.42,33.57,2108.95,-6.24
2019,302.94,1129.29,1831.37,135.88,3399.47,-7.67
2020,673.81,2506.03,3221.76,950.14,7351.73,35.7
2021,615.23,1756.64,2791.64,412.72,5576.23,34.29
2022,1617.03,660.67,1744.63,207.54,4229.87,5.8
2023,824.18,231.04,1382.09,860.08,3297.39,19.45
2024,178.56,244.55,1045.69,260.89,1729.69,-0.18
