month,Yanomami km2,"Munduruku (incl. Sai-Cinza, Taquara) km2",Kayapó km2,Yanomami ha,"Munduruku (incl. Sai-Cinza, Taquara) ha",Kayapó ha
2016-08,0.0,0.0,0.0,0.0,0.0,0.0
2016-09,0.0,0.0,0.16997990582779804,0.0,0.0,16.997990582779803
2016-10,0.0,0.0,0.0,0.0,0.0,0.0
2016-11,0.0,0.299152098401837,0.0,0.0,29.9152098401837,0.0
2016-12,0.0,0.0,0.0,0.0,0.0,0.0
2017-01,0.0,0.0,0.0,0.0,0.0,0.0
2017-02,0.0,0.0,0.0,0.0,0.0,0.0
2017-03,0.0,0.0,0.0,0.0,0.0,0.0
2017-04,0.0,0.4404097973837867,0.20920827793280494,0.0,44.040979738378674,20.920827793280495
2017-05,0.0,0.6263661553718526,0.543960599691501,0.0,62.63661553718526,54.3960599691501
2017-06,0.0,0.0,3.3268808168429005,0.0,0.0,332.68808168429007
2017-07,0.0,0.15914316990228797,0.14567914300270082,0.0,15.914316990228796,14.567914300270083
2017-08,0.0,0.0,0.41349222795047597,0.0,0.0,41.349222795047595
2017-09,0.0,0.0,0.06759372129024438,0.0,0.0,6.759372129024438
2017-10,0.0,0.0,0.7392223899910157,0.0,0.0,73.92223899910158
2017-11,0.0,0.36000008287093316,0.3302664681051828,0.0,36.000008287093316,33.02664681051828
2017-12,0.0,1.1087783772034938,0.0913560281664866,0.0,110.87783772034938,9.13560281664866
2018-01,0.0,0.2921286419532206,0.9895953421378196,0.0,29.21286419532206,98.95953421378196
2018-02,0.0,0.0,0.0,0.0,0.0,0.0
2018-03,0.0,0.0,0.6028269326538769,0.0,0.0,60.282693265387685
2018-04,0.0,1.7945891628084496,0.22910275465230284,0.0,179.45891628084496,22.910275465230285
2018-05,0.0,0.06280444735689034,3.2953238870922528,0.0,6.280444735689033,329.5323887092253
2018-06,0.0,0.12615834559990352,0.8418534689428241,0.0,12.615834559990352,84.1853468942824
2018-07,0.0,0.34247189562541225,0.07603521462408765,0.0,34.24718956254122,7.603521462408764
2018-08,0.0,0.8608046326659268,0.9203093973067903,0.0,86.08046326659267,92.03093973067902
2018-09,0.0,0.8958102084684778,0.2060854031229544,0.0,89.58102084684778,20.60854031229544
2018-10,0.0,0.611311014644309,0.9712998233778675,0.0,61.131101464430905,97.12998233778674
2018-11,0.0,0.0,0.0,0.0,0.0,0.0
2018-12,0.0,0.0,0.1482140508711775,0.0,0.0,14.82140508711775
2019-01,0.0,0.07831265903040746,0.31750058259057123,0.0,7.831265903040746,31.750058259057123
2019-02,1.0922831581420183,1.0285875614182567,0.0,109.22831581420182,102.85875614182567,0.0
2019-03,0.0,0.0,0.25867013038759307,0.0,0.0,25.867013038759307
2019-04,0.0,0.4241904258769426,0.6687692155405365,0.0,42.419042587694264,66.87692155405365
2019-05,0.0,4.1537471060970095,4.294544016098955,0.0,415.37471060970097,429.4544016098955
2019-06,0.0,0.40324356708147513,0.9218067139620013,0.0,40.32435670814751,92.18067139620013
2019-07,0.0,1.9188225645318824,1.6264220103983529,0.0,191.88225645318823,162.6422010398353
2019-08,0.0,0.27891651155097713,1.171061069444592,0.0,27.891651155097712,117.1061069444592
2019-09,0.16979564374279887,0.5648424108975326,0.7568805687262913,16.97956437427989,56.48424108975326,75.68805687262913
2019-10,0.10172214722038977,1.011349268800465,0.06998869606590305,10.172214722038978,101.1349268800465,6.998869606590305
2019-11,0.0,0.7623138183460704,3.399778755572553,0.0,76.23138183460703,339.9778755572553
2019-12,0.6170962912194435,0.8175821521905811,0.06436838632414389,61.70962912194435,81.7582152190581,6.436838632414389
2020-01,0.0,1.1896172485802932,0.0,0.0,118.96172485802931,0.0
2020-02,0.428351025879393,0.5757791181765425,0.7238469116007121,42.8351025879393,57.57791181765425,72.38469116007121
2020-03,0.0,0.0,0.0,0.0,0.0,0.0
2020-04,0.0,0.86710312100039,0.28802963291164774,0.0,86.710312100039,28.802963291164772
2020-05,0.0,0.9307861250138936,0.6430482599508343,0.0,93.07861250138936,64.30482599508342
2020-06,0.0,2.112682106102902,1.347362171101545,0.0,211.2682106102902,134.7362171101545
2020-07,0.0,2.072946443565684,1.4367533211505312,0.0,207.29464435656843,143.67533211505312
2020-08,0.0,0.48510294191588976,2.6024359384855646,0.0,48.510294191588976,260.2435938485565
2020-09,0.5923368468389223,1.0820856967498038,0.46641576894402076,59.23368468389223,108.20856967498038,46.64157689440208
2020-10,0.10499117388769062,0.0,0.0,10.499117388769061,0.0,0.0
2020-11,0.0,0.0,0.163169531992521,0.0,0.0,16.316953199252097
2020-12,0.0,0.6217497390807802,0.22710476657108075,0.0,62.17497390807802,22.710476657108075
2021-01,0.2856501129751716,0.0,0.29095273753354517,28.565011297517163,0.0,29.095273753354515
2021-02,0.0,0.187462053687542,0.0,0.0,18.7462053687542,0.0
2021-03,0.0,1.307412133363804,0.6972566373762605,0.0,130.7412133363804,69.72566373762605
2021-04,0.07668295947317222,1.478078641758439,0.0,7.668295947317222,147.80786417584392,0.0
2021-05,0.0,3.3747710913039506,4.514420825036655,0.0,337.47710913039504,451.4420825036655
2021-06,0.08171746270263562,1.2171294056660453,3.82914383287601,8.171746270263561,121.71294056660453,382.914383287601
2021-07,0.0,0.3907559730059762,1.8788383714526178,0.0,39.07559730059762,187.88383714526177
2021-08,0.15359433722694407,0.1420067352420163,0.16147417561687138,15.359433722694407,14.20067352420163,16.14741756168714
2021-09,0.4990251100845574,0.3296272564274836,0.29669949839429854,49.90251100845574,32.96272564274836,29.669949839429854
2021-10,0.0,0.1742407694829271,0.3803247644737052,0.0,17.42407694829271,38.03247644737052
2021-11,0.0,0.23557631443376179,0.0,0.0,23.557631443376177,0.0
2021-12,0.16632143970385255,0.0,0.0,16.632143970385254,0.0,0.0
2022-01,0.0,0.8445935325885554,0.25257829856895686,0.0,84.45935325885554,25.257829856895686
2022-02,0.0,0.16380663603540674,0.3453191348239131,0.0,16.380663603540675,34.53191348239131
2022-03,0.0,0.0,0.07428171528092258,0.0,0.0,7.428171528092258
2022-04,0.269683696834257,0.4137067936298671,0.16056707465621517,26.968369683425703,41.370679362986714,16.056707465621518
2022-05,0.1940138460287945,0.14743911255279996,0.4306949251966199,19.40138460287945,14.743911255279995,43.06949251966199
2022-06,0.5494879672256131,0.08376708991419506,0.2556676759020713,54.94879672256131,8.376708991419505,25.566767590207128
2022-07,0.0,0.06250894335051392,0.9638702075231683,0.0,6.250894335051392,96.38702075231683
2022-08,0.5966828695736812,0.06723306230611026,0.2224772661626384,59.668286957368124,6.723306230611026,22.24772661626384
2022-09,0.0,0.08072942839237045,0.0,0.0,8.072942839237045,0.0
2022-10,0.0,0.19031835904390884,0.08246622883715704,0.0,19.031835904390885,8.246622883715704
2022-11,0.2934615066140844,0.21169319463774838,0.0,29.346150661408437,21.169319463774837,0.0
2022-12,0.0,0.08255921882361743,0.0,0.0,8.255921882361744,0.0
2023-01,0.0,0.0,0.0,0.0,0.0,0.0
2023-02,0.25939402590760885,0.0,0.4238057808083521,25.939402590760885,0.0,42.38057808083521
2023-03,1.8503055702836797,0.25338473211996504,0.2955529674334082,185.03055702836798,25.338473211996504,29.55529674334082
2023-04,1.3130209122551502,0.21024571079504228,0.24476122714140494,131.30209122551503,21.024571079504227,24.476122714140494
2023-05,0.1114240716914318,0.4446553631820835,0.8646012155770907,11.14240716914318,44.46553631820835,86.46012155770907
2023-06,0.0,0.4951627980706333,0.15474959514462502,0.0,49.51627980706333,15.474959514462503
2023-07,0.0,0.1294606169854895,0.42629753572516876,0.0,12.946061698548949,42.629753572516876
2023-08,0.3525009204770306,0.0,0.09295588672980419,35.250092047703056,0.0,9.295588672980418
2023-09,0.0,0.0,0.34929486637788915,0.0,0.0,34.92948663778891
2023-10,0.0,0.0,0.06957154185124605,0.0,0.0,6.957154185124605
2023-11,0.0,0.0,0.0,0.0,0.0,0.0
2023-12,0.0,0.0,0.06383269425006667,0.0,0.0,6.3832694250066675
2024-01,0.824811034924902,0.0,0.0,82.4811034924902,0.0,0.0
2024-02,0.12962189237851532,0.06961560474326742,0.0,12.962189237851533,6.961560474326742,0.0
2024-03,0.07849122886472265,0.0,0.0,7.849122886472265,0.0,0.0
2024-04,0.0,0.07139805660556273,0.0,0.0,7.139805660556273,0.0
2024-05,0.0,0.14053260012954924,2.125654039116986,0.0,14.053260012954924,212.5654039116986
2024-06,0.0,0.1866585422821552,0.49157575209788296,0.0,18.66585422821552,49.1575752097883
2024-07,0.0,0.3224127943773504,0.21844731443468807,0.0,32.24127943773504,21.844731443468806
2024-08,0.0,0.0,0.0,0.0,0.0,0.0
2024-09,0.0,0.23615188962765649,0.0,0.0,23.61518896276565,0.0
2024-10,0.0,0.0,0.0,0.0,0.0,0.0
2024-11,0.0,0.0,0.0,0.0,0.0,0.0
2024-12,0.0,0.0,0.13600341912097863,0.0,0.0,13.600341912097862
2025-01,0.49357503034553396,0.0,0.0,49.357503034553396,0.0,0.0
2025-02,0.0,0.0,0.0,0.0,0.0,0.0
2025-03,0.0,0.0,0.0,0.0,0.0,0.0
2025-04,0.0,0.0,0.0,0.0,0.0,0.0
2025-05,0.0,0.0,0.20609902870215746,0.0,0.0,20.609902870215745
2025-06,0.0,0.04023488831027566,0.4082000644134605,0.0,4.023488831027566,40.82000644134605
2025-07,0.0,0.18108439074041818,0.0,0.0,18.10843907404182,0.0
2025-08,0.0,0.0,0.08638847245490812,0.0,0.0,8.638847245490812
2025-09,0.0,0.166285965314953,0.0,0.0,16.628596531495297,0.0
2025-10,0.0,0.07664736344154205,0.0,0.0,7.664736344154205,0.0
2025-11,0.0,0.06841992761205187,0.0,0.0,6.841992761205187,0.0
2025-12,0.0,0.0,0.0,0.0,0.0,0.0
2026-01,0.0,0.0,0.0,0.0,0.0,0.0
2026-02,0.0,0.0,0.0,0.0,0.0,0.0
2026-03,0.0,0.0,0.17944354269334506,0.0,0.0,17.944354269334507
2026-04,0.0,0.06363056385438016,0.7100894668453163,0.0,6.363056385438017,71.00894668453162
2026-05,0.0,0.2971883868345872,0.216594479911685,0.0,29.71883868345872,21.659447991168502
2026-06,0.0,0.06769579649356192,0.24754951636917227,0.0,6.769579649356191,24.754951636917227
2026-07,0.3713658088464216,0.2110024660893348,0.16487720650723853,37.136580884642164,21.100246608933478,16.48772065072385
2026-08,0.0,0.0,0.06798084182626715,0.0,0.0,6.798084182626715
2026-09,0.0,0.0,0.14043521114863908,0.0,0.0,14.043521114863907
