spec,treated,control,pre,post,treated_pre_ha_yr,treated_post_ha_yr,control_pre_ha_yr,control_post_ha_yr,DiD_ha_yr,DiD_pct_of_2022_stock,treated_pre_pct,treated_post_pct,control_pre_pct,control_post_pct,claim_type,note
main_vs_Munduruku,Yanomami,Munduruku,2020-2022,2023-2024,968.688,501.37,1641.114,237.799,935.998,5.8,27.111,14.032,22.078,3.199,description,Munduruku had its own operation from Aug 2023 and desintrusao Nov 2024 (partly treated): contrast of more vs less enforcement
main_vs_Kayapo,Yanomami,Kayapo,2020-2022,2023-2024,968.688,501.37,2586.012,1213.889,904.805,-4.366,27.111,14.032,16.421,7.708,description,Best control 2023-24 (one PF action Jun 2023; desintrusao only May 2025)
vs_Munduruku+Kayapo_pooled,Yanomami,Munduruku + Kayapo (pooled),2020-2022,2023-2024,968.688,501.37,4227.127,1451.688,2308.121,-1.106,27.111,14.032,18.235,6.262,description,Pooled control is dominated by Kayapo (about 2/3 of the stock)
vs_Munduruku_Kayapo_mean,Yanomami,Munduruku and Kayapo (per-unit mean),2020-2022,2023-2024,968.688,501.37,2113.563,725.844,920.401,-1.106,27.111,14.032,18.235,6.262,description,Control = equal-weight MEAN of the two territories (same scale as the treated unit)
vs_all_19_other_mean,Yanomami,19 other territories (per-unit mean),2020-2022,2023-2024,968.688,501.37,27.551,29.499,-469.267,-14.192,27.111,14.032,15.741,16.854,description,Control = equal-weight MEAN of the 19 other territories with mining rows (Sarare drives most of the 2023-24 rise)
drop_Kayapo_from_pool,Yanomami,Munduruku only,2020-2022,2023-2024,968.688,501.37,1641.114,237.799,935.998,5.8,27.111,14.032,22.078,3.199,description,Same as main_vs_Munduruku: dropping the largest unit (Kayapo) from the pooled control leaves Munduruku
drop_Munduruku_from_pool,Yanomami,Kayapo only,2020-2022,2023-2024,968.688,501.37,2586.012,1213.889,904.805,-4.366,27.111,14.032,16.421,7.708,description,Same as main_vs_Kayapo: dropping Munduruku (partly treated) from the pooled control leaves Kayapo
vs_other_top5_by_2022_stock,Yanomami,Tenharim do Igarapé Preto + Apyterewa + Sai-Cinza + Parque do Aripuanã + Sawré Muybu (Pimental),2020-2022,2023-2024,968.688,501.37,410.273,92.839,-149.884,-0.51,27.111,14.032,16.245,3.676,description,"Other high-mining territories, all tiny (stock 2022 < 1,200 ha each); Sarare grows fast in 2023-24 (+800 ha)"
vs_all_19_other_territories,Yanomami,19 other territories with mining rows,2020-2022,2023-2024,968.688,501.37,523.464,560.483,-504.337,-14.192,27.111,14.032,15.741,16.854,description,All other territories with a class-30 row; Tenharim do Igarape Preto is the largest
Munduruku_vs_Kayapo,Munduruku,Kayapo,2020-2022,2023-2024,1641.114,237.799,2586.012,1213.889,-31.192,-10.166,22.078,3.199,16.421,7.708,description,"Munduruku treated from Aug 2023 (operation) / Nov 2024 (desintrusao): partial treatment, reading is descriptive"
persistence_2023_only,Yanomami,Kayapo,2020-2022,2023-2023,968.688,824.175,2586.012,1382.09,1059.409,3.6,27.111,23.066,16.421,8.776,description,First post year only
persistence_2024_only,Yanomami,Kayapo,2020-2022,2024-2024,968.688,178.564,2586.012,1045.688,750.201,-12.332,27.111,4.997,16.421,6.64,description,Second post year only
placebo_time_start_2020,Yanomami,Kayapo,2017-2019,2020-2022,213.412,968.688,1475.862,2586.012,-354.874,14.089,5.973,27.111,9.372,16.421,description,Pseudo-operation 3 years earlier; a non-zero value means pre-trends are not parallel (Yanomami boom 2019-22)
