year,artisanal_level_ha,artisanal_addition_ha,gold_or_nosub_artisanal_level_ha,gold_or_nosub_artisanal_addition_ha,collection
2014,9500.44128709717,299.4721578430308,9422.389031494144,299.74145488282375,MapBiomas Brazil Collection 11
2015,9709.42040945425,208.97912235707918,9630.565836938378,208.17680544423456,MapBiomas Brazil Collection 11
2016,10335.153297973657,625.7328885194074,10256.387274139424,625.8214372010461,MapBiomas Brazil Collection 11
2017,11857.659549646072,1522.5062516724156,11778.003347985916,1521.6160738464914,MapBiomas Brazil Collection 11
2018,13704.047234723004,1846.387685076932,13623.425415008647,1845.4220670227314,MapBiomas Brazil Collection 11
2019,16737.61401275642,3033.566778033417,16656.18944515998,3032.764030151333,MapBiomas Brazil Collection 11
2020,22624.05227064825,5886.43825789183,22526.599594842584,5870.410149682604,MapBiomas Brazil Collection 11
2021,27587.7877401358,4963.735469487547,27484.50918638214,4957.909591539556,MapBiomas Brazil Collection 11
2022,30980.294071587723,3392.506331451925,30867.14904088704,3382.6398545049015,MapBiomas Brazil Collection 11
2023,33988.55233294017,3008.2582613524464,33872.83525414988,3005.686213262841,MapBiomas Brazil Collection 11
2024,35561.90042410184,1573.3480911616716,35443.109278331576,1570.2740241816937,MapBiomas Brazil Collection 11
2025,39914.5076630114,4352.607238909557,39786.73197133049,4343.622692998913,MapBiomas Brazil Collection 11
