prodes_year_ending_july,Yanomami,"Munduruku (incl. Sai-Cinza, Taquara)",Kayapó,Yanomami ha,"Munduruku (incl. Sai-Cinza, Taquara) ha",Kayapó ha
2017,0.0,1.5251,4.3957,0.0,152.5071,439.5709
2018,0.0,4.0869,7.6767,0.0,408.6931,767.6668
2019,1.0923,10.3748,10.3336,109.2283,1037.483,1033.3621
2020,1.317,11.1839,9.9011,131.6965,1118.3918,990.1118
2021,1.1414,10.1445,14.6697,114.1379,1014.4548,1466.9738
2022,1.8321,2.5973,3.3215,183.2126,259.7273,332.1477
2023,4.4243,2.1654,2.7147,442.4289,216.5442,271.4712
2024,1.3854,0.7906,3.4113,138.5425,79.0618,341.1332
2025,0.4936,0.4575,0.7503,49.3575,45.7471,75.0303
2026,0.3714,0.9509,1.6049,37.1366,95.087,160.4943
2027,0.0,0.0,0.2084,0.0,0.0,20.8416
