calendar_year,Yanomami,"Munduruku (incl. Sai-Cinza, Taquara)",Kayapó,Yanomami ha,"Munduruku (incl. Sai-Cinza, Taquara) ha",Kayapó ha
2016,0.0,0.2992,0.17,0.0,29.9152,16.998
2017,0.0,2.6947,5.8677,0.0,269.4698,586.766
2018,0.0,4.9861,8.2806,0.0,498.6078,828.0646
2019,1.9809,11.4419,13.5498,198.0897,1144.1908,1354.979
2020,1.1257,9.9379,7.8982,112.5679,993.7853,789.8166
2021,1.263,8.8371,12.0491,126.2991,883.706,1204.9111
2022,1.9033,2.3484,2.7879,190.333,234.8355,278.7923
2023,3.8866,1.5329,2.9854,388.6646,153.2909,298.5423
2024,1.0329,1.0268,2.9717,103.2924,102.6769,297.1681
2025,0.4936,0.5327,0.7007,49.3575,53.2673,70.0688
2026,0.3714,0.6395,1.727,37.1366,63.9517,172.697
