,geocode,stock_2022_ha,stock_2024_ha,2014,2015,2016,2017,2018,2019,2020,2021,2022,2023,2024
Kayapó,23001,15748.07,18175.85,290.51,250.54,676.7,1286.8,1309.42,1831.37,3221.76,2791.64,1744.63,1382.09,1045.69
Munduruku,29801,7433.09,7908.69,17.75,54.73,117.55,409.63,509.33,1129.29,2506.03,1756.64,660.67,231.04,244.55
Yanomami,50901,3573.08,4575.81,2.59,-0.62,14.63,80.66,256.63,302.94,673.81,615.23,1617.03,824.18,178.56
Tenharim do Igarapé Preto,44701,1146.51,1185.33,21.31,12.29,34.76,39.01,22.11,-5.84,112.56,33.51,22.72,17.24,21.58
Apyterewa,3002,473.77,499.91,0.36,2.4,0.62,8.36,4.89,45.46,262.86,56.83,70.98,14.14,12.01
Sai-Cinza,40901,427.98,478.0,-2.4,0.0,0.0,-0.53,0.0,0.8,259.34,148.55,19.28,32.25,17.77
Parque do Aripuanã,33601,261.43,306.82,-1.49,-0.44,-0.79,-0.88,-1.67,-0.61,159.77,9.9,9.2,35.14,10.25
Sawré Muybu (Pimental),56701,215.83,241.12,1.96,2.76,2.39,-9.36,-9.53,-3.83,42.76,13.8,8.73,8.01,17.28
Baú,6101,198.42,215.53,0.0,0.0,0.0,0.0,0.0,0.0,49.3,126.43,22.7,7.27,9.84
Tupinambá de Olivença,55501,161.85,176.2,0.0,0.43,3.46,6.14,11.67,5.88,52.39,9.85,4.93,2.33,12.02
Sararé,42101,159.35,990.79,-0.69,0.52,0.43,1.21,3.98,0.43,0.35,0.43,2.94,716.99,114.45
Las Casas,56801,143.83,144.63,0.97,1.42,1.06,0.35,0.89,92.64,0.18,0.53,0.0,0.35,0.44
Évare I,12101,47.04,114.34,0.0,0.0,0.0,0.0,0.0,0.0,0.62,1.96,44.45,25.8,41.5
Waimiri-Atroari,49501,32.0,35.67,-0.09,0.09,0.09,-0.18,0.18,-0.09,1.34,10.73,1.16,0.54,3.13
Enawenê-Nawê,11201,18.83,18.92,-0.09,-0.26,0.09,0.0,0.26,-0.09,1.14,0.0,0.0,0.0,0.09
Pipipã,62801,13.27,13.35,-0.0,0.0,0.0,0.0,0.0,-0.18,-0.09,0.18,0.0,0.0,0.09
Alto Rio Negro,1101,12.6,12.6,0.0,0.0,0.0,0.0,0.0,0.0,0.0,0.0,0.36,0.0,0.0
Rio Pindaré,40301,8.57,9.01,0.0,0.0,0.0,0.0,0.0,0.0,8.48,0.0,0.09,0.0,0.45
Panará,32201,3.7,3.7,0.0,0.97,1.76,0.09,0.79,0.0,0.09,0.0,0.0,0.0,0.0
Paukalirajausu,34101,0.35,0.35,0.0,0.0,0.17,-0.17,0.0,1.3,-0.95,0.0,0.0,0.0,0.0
Araweté Igarapé Ipixuna,3801,0.18,0.18,0.0,0.0,0.0,0.18,0.0,0.0,0.0,0.0,0.0,0.0,0.0
Caxixó,60701,0.0,0.0,0.0,0.0,0.0,0.0,0.0,0.0,0.0,0.0,0.0,0.0,0.0
