year,"MdD mining, Amazonia biome","MdD mining, all biomes",non-Amazon-biome mining (diff),buffer-zone rows in MdD,rest of MdD (Amazonia - BZ),rest of MdD (all biomes - BZ)
1985,441.03,441.03,0.0,0.0,441.03,441.03
1986,457.94,457.94,0.0,0.0,457.94,457.94
1987,941.5,941.5,0.0,0.0,941.5,941.5
1988,919.1,919.1,0.0,0.0,919.1,919.1
1989,1037.98,1037.98,0.0,0.0,1037.98,1037.98
1990,1038.18,1038.18,0.0,0.0,1038.18,1038.18
1991,1265.66,1265.66,0.0,0.0,1265.66,1265.66
1992,1506.56,1506.56,0.0,0.0,1506.56,1506.56
1993,1696.94,1696.94,0.0,0.0,1696.94,1696.94
1994,1952.74,1952.74,0.0,0.0,1952.74,1952.74
1995,2393.78,2393.78,0.0,0.0,2393.78,2393.78
1996,4140.41,4140.41,0.0,0.0,4140.41,4140.41
1997,5544.62,5544.62,0.0,11.07,5533.55,5533.55
1998,6064.3,6064.3,0.0,5.23,6059.07,6059.07
1999,7149.91,7149.91,0.0,33.48,7116.43,7116.43
2000,7382.71,7382.71,0.0,26.59,7356.12,7356.12
2001,7540.42,7540.42,0.0,50.56,7489.85,7489.85
2002,7813.36,7813.36,0.0,81.93,7731.43,7731.43
2003,8696.56,8696.56,0.0,230.12,8466.44,8466.44
2004,9004.12,9004.12,0.0,285.38,8718.74,8718.74
2005,9518.06,9518.06,0.0,583.05,8935.01,8935.01
2006,10975.4,10975.4,0.0,1298.91,9676.49,9676.49
2007,13134.43,13134.43,0.0,2436.1,10698.33,10698.33
2008,15273.7,15273.7,0.0,2834.54,12439.16,12439.16
2009,17940.71,17940.71,0.0,3803.88,14136.82,14136.82
2010,21225.31,21225.31,0.0,4917.58,16307.73,16307.73
2011,25939.23,25939.23,0.0,7363.39,18575.84,18575.84
2012,28919.54,28919.54,0.0,8693.1,20226.45,20226.45
2013,33453.72,33453.72,0.0,10754.42,22699.3,22699.3
2014,36773.02,36773.02,0.0,12885.55,23887.47,23887.47
2015,39677.06,39677.06,0.0,14645.48,25031.58,25031.58
2016,42074.34,42074.34,0.0,15712.76,26361.58,26361.58
2017,47107.79,47107.79,0.0,18616.81,28490.98,28490.98
2018,50506.42,50506.42,0.0,20412.07,30094.35,30094.35
2019,54311.67,54311.67,0.0,21071.08,33240.59,33240.59
2020,59486.01,59486.01,0.0,21987.76,37498.24,37498.24
2021,64426.17,64426.17,0.0,22520.97,41905.2,41905.2
2022,74966.49,74966.49,0.0,24169.56,50796.93,50796.93
2023,94305.89,94305.89,0.0,29832.75,64473.14,64473.14
2024,101879.4,101879.4,0.0,31831.16,70048.24,70048.24
2025,112621.71,112621.71,0.0,34634.56,77987.15,77987.15
