year,tonnes,mapbiomas_mining_ha,mapbiomas_addition_ha
2010,19.1048,21225.31125874169,3284.6052532432295
2011,22.6344,25939.22708673424,4713.9158279925505
2012,12.2716,28919.54466626938,2980.317579535138
2013,16.0758,33453.71894013498,4534.174273865603
2014,8.0317,36773.01685763388,3319.297917498894
2015,8.6223,39677.05643233491,2904.0395747010334
2016,16.2232,42074.34028439146,2397.283852056549
2017,12.781,47107.78886066604,5033.448576274583
2018,10.0773,50506.42016451881,3398.631303852766
2019,7.0732,54311.67443399886,3805.2542694800504
2020,1.4602,59486.00872089907,5174.334286900215
2021,1.3962,64426.17412168284,4940.165400783764
2022,1.2792,74966.49335620864,10540.3192345258
2023,1.3012,94305.89264203604,19339.3992858274
2024,1.0904,101879.4025868146,7573.5099447785615
2025,1.2342,112621.7103475198,10742.307760705196
