year,Tambopata,Amarakaeri,Bahuaja-Sonene,Rest of Madre de Dios,Madre de Dios total,Three buffer zones (sum)
2014,1590.0,542.3,9.8,1188.2,3319.3,2142.1
2015,1462.9,301.3,14.0,1144.1,2904.0,1778.2
2016,707.3,362.0,7.6,1330.0,2397.3,1076.8
2017,2454.7,451.5,5.0,2129.4,5033.4,2911.3
2018,1756.9,54.0,25.0,1603.4,3398.6,1835.9
2019,417.2,291.3,9.7,3146.2,3805.3,718.2
2020,181.4,771.8,48.5,4257.7,5174.3,1001.7
2021,-111.1,658.4,66.3,4407.0,4940.2,613.6
2022,580.2,1086.3,83.0,8891.7,10540.3,1749.4
2023,3565.0,2098.8,45.4,13676.2,19339.4,5709.2
2024,1275.9,739.8,42.5,5575.1,7573.5,2058.3
2025,1895.7,937.9,156.5,7938.9,10742.3,2990.0
