spec,year,tambopata,synthetic,gap
core_add,2010,460.92,13.505,447.415
core_add,2011,1563.038,-31.418,1594.456
core_add,2012,742.542,12.595,729.947
core_add,2013,1639.158,37.536,1601.621
core_add,2014,1589.95,32.949,1557.001
core_add,2015,1462.939,87.617,1375.321
core_add,2016,707.297,52.194,655.103
core_add,2017,2454.712,27.573,2427.139
core_add,2018,1756.929,58.748,1698.181
core_add,2019,417.21,45.102,372.108
core_add,2020,181.379,34.241,147.137
core_add,2021,-111.07,-40.471,-70.599
core_add,2022,580.194,-17.54,597.735
core_add,2023,3564.983,13.696,3551.287
core_add,2024,1275.939,-198.862,1474.801
core_add,2025,1895.67,-110.165,2005.835
core_addsc,2010,0.289,0.562,-0.273
core_addsc,2011,0.98,0.521,0.459
core_addsc,2012,0.466,0.602,-0.136
core_addsc,2013,1.028,1.212,-0.184
core_addsc,2014,0.997,0.485,0.513
core_addsc,2015,0.918,0.638,0.28
core_addsc,2016,0.444,0.988,-0.544
core_addsc,2017,1.54,0.861,0.679
core_addsc,2018,1.102,0.891,0.211
core_addsc,2019,0.262,0.922,-0.66
core_addsc,2020,0.114,3.44,-3.326
core_addsc,2021,-0.07,2.312,-2.381
core_addsc,2022,0.364,1.14,-0.776
core_addsc,2023,2.236,0.071,2.165
core_addsc,2024,0.8,0.512,0.288
core_addsc,2025,1.189,-6.292,7.48
core_cum,2013,0.0,0.0,0.0
core_cum,2014,1589.95,13.56,1576.39
core_cum,2015,3052.889,51.333,3001.556
core_cum,2016,3760.185,79.489,3680.696
core_cum,2017,6214.897,96.072,6118.825
core_cum,2018,7971.826,126.188,7845.638
core_cum,2019,8389.036,153.323,8235.712
core_cum,2020,8570.414,184.125,8386.29
core_cum,2021,8459.345,182.88,8276.465
core_cum,2022,9039.539,184.353,8855.186
core_cum,2023,12604.522,186.16,12418.361
core_cum,2024,13880.461,121.732,13758.729
core_cum,2025,15776.131,50.733,15725.398
ext_add,2010,460.92,651.603,-190.683
ext_add,2011,1563.038,879.95,683.088
ext_add,2012,742.542,586.372,156.17
ext_add,2013,1639.158,422.325,1216.833
ext_add,2014,1589.95,541.374,1048.576
ext_add,2015,1462.939,300.87,1162.069
ext_add,2016,707.297,361.416,345.88
ext_add,2017,2454.712,450.736,2003.976
ext_add,2018,1756.929,54.019,1702.909
ext_add,2019,417.21,290.844,126.366
ext_add,2020,181.379,770.452,-589.074
ext_add,2021,-111.07,657.101,-768.171
ext_add,2022,580.194,1084.222,-504.028
ext_add,2023,3564.983,2094.969,1470.014
ext_add,2024,1275.939,738.076,537.863
ext_add,2025,1895.67,935.937,959.734
ext_addsc,2010,0.289,0.889,-0.6
ext_addsc,2011,0.98,0.689,0.291
ext_addsc,2012,0.466,0.71,-0.244
ext_addsc,2013,1.028,0.973,0.055
ext_addsc,2014,0.997,0.731,0.266
ext_addsc,2015,0.918,0.917,0.001
ext_addsc,2016,0.444,0.734,-0.29
ext_addsc,2017,1.54,0.947,0.592
ext_addsc,2018,1.102,1.034,0.068
ext_addsc,2019,0.262,1.326,-1.064
ext_addsc,2020,0.114,1.86,-1.746
ext_addsc,2021,-0.07,2.145,-2.214
ext_addsc,2022,0.364,3.159,-2.795
ext_addsc,2023,2.236,2.436,-0.2
ext_addsc,2024,0.8,1.757,-0.957
ext_addsc,2025,1.189,4.016,-2.827
ext_cum,2013,0.0,0.0,0.0
ext_cum,2014,1589.95,287.835,1302.115
ext_cum,2015,3052.889,482.884,2570.004
ext_cum,2016,3760.185,690.323,3069.862
ext_cum,2017,6214.897,930.041,5284.856
ext_cum,2018,7971.826,986.791,6985.035
ext_cum,2019,8389.036,1155.184,7233.852
ext_cum,2020,8570.414,1558.437,7011.977
ext_cum,2021,8459.345,1866.895,6592.449
ext_cum,2022,9039.539,2400.526,6639.013
ext_cum,2023,12604.522,3456.621,9147.9
ext_cum,2024,13880.461,3725.247,10155.213
ext_cum,2025,15776.131,4137.503,11638.628
