year,beta_poolA,se_poolA_clustered_NOT_INFORMATIVE,beta_poolB,placebo_min,placebo_max
2014,-403.55,357.71,-197.78,-46.87,504.31
2015,-412.12,183.48,-305.57,-91.85,274.33
2016,-1194.91,231.2,-1065.9,9.95,388.68
2017,509.0,296.59,674.7,-119.88,352.98
2019,-1450.74,179.42,-1357.71,30.55,331.94
2020,-1946.2,493.3,-1626.37,20.78,830.8
2021,-2190.86,400.04,-1913.56,-20.31,735.42
2022,-1721.86,692.2,-1268.95,-92.26,1097.82
2023,775.46,1438.35,1660.21,-326.4,1913.87
2024,-832.66,474.8,-525.38,-290.8,724.76
2025,-368.95,534.54,61.4,-272.45,859.75
