class_level_4,y2016,y2017,delta
1.4. Bosque inundable,76873.6,76249.5,-624.0
3.1. Mosaico agropecuario,1005.8,826.5,-179.3
4.3. Playa,2134.1,2005.1,-128.9
4.8. Otra área antrópica sin vegetación,73.6,19.1,-54.5
2.1.1. Herbazal inundable de tierras bajas,930.5,877.3,-53.2
4.1. Infraestructura urbana,1.0,1.0,0.1
4.7. Otra área natural sin vegetación,1.4,2.1,0.7
3.5. Pasto (beta),71.5,81.9,10.4
"5.1. Río, lago u océano",2936.2,2959.7,23.6
1.1. Bosque,193746.6,194218.1,471.5
4.2. Minería,54.4,588.1,533.7
