,mean_beta_2019_21_ha,scaled_by_own_pre_mean,rank_raw_most_negative_first,rank_scaled_most_negative_first
Allpahuayo Mishana|Reserva Nacional,25.849,0.492,2.0,2.0
Alto Mayo|Bosque de Protección,82.72,45.598,9.0,10.0
Amarakaeri|Reserva Comunal,632.72,1.849,15.0,3.0
Bahuaja-Sonene|Parque Nacional,93.479,7.614,12.0,7.0
Cordillera Azul|Parque Nacional,95.192,,13.0,
El Sira|Reserva Comunal,123.351,,14.0,
Huascarán|Parque Nacional,78.914,,8.0,
Nor Yauyos-Cochas|Reserva Paisajistica,85.847,22.738,10.0,9.0
Pacaya-Samiria|Reserva Nacional,75.575,103.401,6.0,11.0
Subcuenca del Cotahuasi|Reserva Paisajistica,92.943,7.6,11.0,6.0
Tambopata|Reserva Nacional,-1632.544,-1.024,1.0,1.0
de Calipuy|Reserva Nacional,75.766,,7.0,
de Junín|Reserva Nacional,30.371,2.596,3.0,4.0
de Lachay|Reserva Nacional,67.374,14.609,4.0,8.0
del Río Abiseo|Parque Nacional,72.446,6.596,5.0,5.0
