month,grams,year,tonnes
2010-01-01,1397709.651694,2010,1.397709651694
2010-02-01,1264709.508652,2010,1.264709508652
2010-03-01,1196966.914575,2010,1.1969669145750002
2010-04-01,816981.509899,2010,0.8169815098990001
2010-05-01,1258032.757506,2010,1.2580327575060002
2010-06-01,1343042.100688,2010,1.343042100688
2010-07-01,1453446.718376,2010,1.453446718376
2010-08-01,1635189.220988,2010,1.6351892209880001
2010-09-01,2058921.027656,2010,2.058921027656
2010-10-01,2465953.410456,2010,2.4659534104559997
2010-11-01,2131164.549763,2010,2.131164549763
2010-12-01,2082725.476344,2010,2.082725476344
2011-01-01,1893899.75014,2011,1.89389975014
2011-02-01,1720731.163912,2011,1.720731163912
2011-03-01,1879889.708188,2011,1.879889708188
2011-04-01,1901948.093022,2011,1.901948093022
2011-05-01,1887206.755093,2011,1.8872067550929998
2011-06-01,2016362.971695,2011,2.016362971695
2011-07-01,2105734.670276,2011,2.105734670276
2011-08-01,2476629.812631,2011,2.476629812631
2011-09-01,2269170.851038,2011,2.269170851038
2011-10-01,2366591.820924,2011,2.366591820924
2011-11-01,805298.572168,2011,0.805298572168
2011-12-01,1310957.57697,2011,1.3109575769700001
2012-01-01,2148955.266389,2012,2.148955266389
2012-02-01,2079130.931967,2012,2.079130931967
2012-03-01,1365153.943506,2012,1.365153943506
2012-04-01,1814609.871192,2012,1.814609871192
2012-05-01,2042412.673176,2012,2.042412673176
2012-06-01,923773.103957,2012,0.923773103957
2012-07-01,776729.583679,2012,0.776729583679
2012-08-01,235338.786338,2012,0.235338786338
2012-09-01,251360.366827,2012,0.25136036682699997
2012-10-01,248586.429179,2012,0.248586429179
2012-11-01,197311.576281,2012,0.197311576281
2012-12-01,188274.648328,2012,0.188274648328
2013-01-01,180681.894711,2013,0.180681894711
2013-02-01,212174.662869,2013,0.212174662869
2013-03-01,978375.260907,2013,0.978375260907
2013-04-01,2007638.461814,2013,2.007638461814
2013-05-01,1753154.100571,2013,1.753154100571
2013-06-01,1843435.684432,2013,1.843435684432
2013-07-01,1373206.581608,2013,1.373206581608
2013-08-01,2971960.832095,2013,2.971960832095
2013-09-01,1354893.976416,2013,1.354893976416
2013-10-01,1257262.758063,2013,1.257262758063
2013-11-01,1136795.777275,2013,1.136795777275
2013-12-01,1006244.318232,2013,1.006244318232
2014-01-01,1021029.48194,2014,1.0210294819399999
2014-02-01,991845.401868,2014,0.9918454018680001
2014-03-01,1034324.94666,2014,1.03432494666
2014-04-01,546740.857542,2014,0.546740857542
2014-05-01,306589.531828,2014,0.306589531828
2014-06-01,236965.556123,2014,0.236965556123
2014-07-01,312038.065584,2014,0.31203806558400005
2014-08-01,429711.312003,2014,0.429711312003
2014-09-01,601625.527103,2014,0.601625527103
2014-10-01,785197.233997,2014,0.785197233997
2014-11-01,811373.843332,2014,0.8113738433319999
2014-12-01,954263.054821,2014,0.9542630548209999
2015-01-01,792407.038023,2015,0.792407038023
2015-02-01,970838.951535,2015,0.970838951535
2015-03-01,1202794.556539,2015,1.202794556539
2015-04-01,1213475.785517,2015,1.213475785517
2015-05-01,1234494.585533,2015,1.234494585533
2015-06-01,1032651.460296,2015,1.032651460296
2015-07-01,29125.412059,2015,0.029125412059
2015-08-01,36646.509791,2015,0.036646509790999995
2015-09-01,34798.095067,2015,0.034798095067000004
2015-10-01,1036505.933223,2015,1.036505933223
2015-11-01,975283.114568,2015,0.975283114568
2015-12-01,63285.957856,2015,0.063285957856
2016-01-01,1958869.374447,2016,1.958869374447
2016-02-01,2106883.085209,2016,2.106883085209
2016-03-01,1546412.800285,2016,1.546412800285
2016-04-01,1402284.235622,2016,1.402284235622
2016-05-01,1339364.344628,2016,1.339364344628
2016-06-01,1273990.822341,2016,1.273990822341
2016-07-01,1345352.853321,2016,1.345352853321
2016-08-01,38293.27802,2016,0.038293278019999995
2016-09-01,1320181.888297,2016,1.320181888297
2016-10-01,1321364.08403888,2016,1.32136408403888
2016-11-01,1286689.444596,2016,1.286689444596
2016-12-01,1283532.919319,2016,1.2835329193190002
2017-01-01,1227137.830808,2017,1.2271378308079999
2017-02-01,1113900.971863,2017,1.113900971863
2017-03-01,1134344.045052,2017,1.1343440450520001
2017-04-01,1122959.971011,2017,1.122959971011
2017-05-01,1098699.075447,2017,1.098699075447
2017-06-01,1109179.234487,2017,1.109179234487
2017-07-01,1098981.465814,2017,1.098981465814
2017-08-01,1125494.626375,2017,1.125494626375
2017-09-01,1062140.800534,2017,1.0621408005339998
2017-10-01,1075184.764855,2017,1.075184764855
2017-11-01,784708.110288,2017,0.7847081102879999
2017-12-01,828247.849815,2017,0.828247849815
2018-01-01,869618.751738,2018,0.869618751738
2018-02-01,846876.634242,2018,0.846876634242
2018-03-01,839588.887621,2018,0.8395888876209999
2018-04-01,865840.359527,2018,0.865840359527
2018-05-01,870992.844363,2018,0.8709928443630001
2018-06-01,844556.69514,2018,0.84455669514
2018-07-01,843067.44855,2018,0.8430674485499999
2018-08-01,858172.878876,2018,0.8581728788759999
2018-09-01,840864.70089,2018,0.84086470089
2018-10-01,824993.441231,2018,0.824993441231
2018-11-01,789329.607885,2018,0.789329607885
2018-12-01,783419.693323,2018,0.783419693323
2019-01-01,772292.147292,2019,0.772292147292
2019-02-01,576215.139557,2019,0.576215139557
2019-03-01,576230.377095,2019,0.576230377095
2019-04-01,573805.244513,2019,0.573805244513
2019-05-01,574833.960768,2019,0.574833960768
2019-06-01,591629.5078,2019,0.5916295078
2019-07-01,607121.681904,2019,0.607121681904
2019-08-01,580350.861179,2019,0.580350861179
2019-09-01,546058.675708,2019,0.5460586757079999
2019-10-01,559973.267078,2019,0.559973267078
2019-11-01,561902.15072,2019,0.56190215072
2019-12-01,552754.563276,2019,0.5527545632759999
2020-01-01,508317.374667647,2020,0.508317374667647
2020-02-01,95779.1075488288,2020,0.0957791075488288
2020-03-01,44762.4408333333,2020,0.0447624408333333
2020-04-01,7664.195,2020,0.0076641949999999995
2020-05-01,47315.3860248783,2020,0.0473153860248783
2020-06-01,79291.8,2020,0.07929180000000001
2020-07-01,106059.383,2020,0.10605938300000001
2020-08-01,91716.667,2020,0.091716667
2020-09-01,114089.49999998,2020,0.11408949999998001
2020-10-01,134535.357233022,2020,0.13453535723302198
2020-11-01,105637.125155617,2020,0.105637125155617
2020-12-01,125055.319999963,2020,0.125055319999963
2021-01-01,96207.2629999658,2021,0.09620726299996579
2021-02-01,77255.2399999646,2021,0.0772552399999646
2021-03-01,132004.974999964,2021,0.132004974999964
2021-04-01,97409.3053777394,2021,0.0974093053777394
2021-05-01,104968.445004826,2021,0.10496844500482601
2021-06-01,119349.713033086,2021,0.11934971303308599
2021-07-01,136836.885333506,2021,0.13683688533350602
2021-08-01,141540.670999965,2021,0.14154067099996498
2021-09-01,134399.222000398,2021,0.134399222000398
2021-10-01,131078.009999964,2021,0.131078009999964
2021-11-01,127139.065055478,2021,0.127139065055478
2021-12-01,97982.5701,2021,0.0979825701
2022-01-01,124197.526032735,2022,0.124197526032735
2022-02-01,101357.794999967,2022,0.101357794999967
2022-03-01,98133.9950130001,2022,0.09813399501300009
2022-04-01,100902.139999965,2022,0.100902139999965
2022-05-01,91817.6380569645,2022,0.0918176380569645
2022-06-01,99250.5305579999,2022,0.0992505305579999
2022-07-01,112036.757018,2022,0.112036757018
2022-08-01,107327.617999964,2022,0.107327617999964
2022-09-01,112189.004045,2022,0.112189004045
2022-10-01,107610.778199966,2022,0.10761077819996599
2022-11-01,115402.298070443,2022,0.115402298070443
2022-12-01,108946.672883,2022,0.108946672883
2023-01-01,44425.634886643,2023,0.044425634886643
2023-02-01,58253.0506065863,2023,0.0582530506065863
2023-03-01,137859.702545,2023,0.13785970254500002
2023-04-01,130214.270861429,2023,0.130214270861429
2023-05-01,119577.383351,2023,0.119577383351
2023-06-01,131391.483056,2023,0.13139148305599999
2023-07-01,126180.752978,2023,0.126180752978
2023-08-01,125037.532451,2023,0.125037532451
2023-09-01,104002.962626265,2023,0.104002962626265
2023-10-01,122039.907573,2023,0.122039907573
2023-11-01,98704.9014349999,2023,0.09870490143499991
2023-12-01,103502.558369,2023,0.103502558369
2024-01-01,75896.124564,2024,0.075896124564
2024-02-01,88401.95005,2024,0.08840195005
2024-03-01,84696.377415,2024,0.084696377415
2024-04-01,102199.849952,2024,0.102199849952
2024-05-01,92206.242177,2024,0.09220624217699999
2024-06-01,75321.53735,2024,0.07532153735
2024-07-01,100209.976353,2024,0.10020997635300001
2024-08-01,93997.742266,2024,0.093997742266
2024-09-01,93252.65182,2024,0.09325265182
2024-10-01,108541.128192,2024,0.108541128192
2024-11-01,81202.548999,2024,0.08120254899900001
2024-12-01,94432.8895936357,2024,0.0944328895936357
2025-01-01,83166.285399,2025,0.083166285399
2025-02-01,86897.862299,2025,0.086897862299
2025-03-01,98997.6227759856,2025,0.0989976227759856
2025-04-01,97844.178999,2025,0.097844178999
2025-05-01,97257.647867,2025,0.097257647867
2025-06-01,109549.112562985,2025,0.109549112562985
2025-07-01,102675.933407,2025,0.102675933407
2025-08-01,121145.594378,2025,0.12114559437799999
2025-09-01,108736.084504585,2025,0.108736084504585
2025-10-01,117670.646605,2025,0.117670646605
2025-11-01,100572.939242,2025,0.10057293924199999
2025-12-01,109643.38246,2025,0.10964338246
