spec,treated,control,pre,post,DiD_ha_per_yr,claim_type,note
(a) main: control = Amarakaeri BZ (main),Tambopata BZ,Amarakaeri|Reserva Comunal,2016-2018,2019-2021,-1761.8,description,Main control; partly treated too (Camanti)
(a) placebo: control = Amarakaeri BZ (main),Tambopata BZ,Amarakaeri|Reserva Comunal,2013-2015,2016-2018,208.7,description,"Main control; partly treated too (Camanti); PLACEBO window: no real treatment, a large value = pre-trend/noise"
(a) persistence: control = Amarakaeri BZ (main),Tambopata BZ,Amarakaeri|Reserva Comunal,2016-2018,2022-2025,-737.0,description,Main control; partly treated too (Camanti)
(a) main: control = Bahuaja-Sonene BZ,Tambopata BZ,Bahuaja-Sonene|Parque Nacional,2016-2018,2019-2021,-1506.1,description,"Tiny pre-period mining (mean ~13 ha/yr), so a weak counterfactual"
(a) placebo: control = Bahuaja-Sonene BZ,Tambopata BZ,Bahuaja-Sonene|Parque Nacional,2013-2015,2016-2018,72.2,description,"Tiny pre-period mining (mean ~13 ha/yr), so a weak counterfactual; PLACEBO window: no real treatment, a large value = pre-trend/noise"
(a) persistence: control = Bahuaja-Sonene BZ,Tambopata BZ,Bahuaja-Sonene|Parque Nacional,2016-2018,2022-2025,120.2,description,"Tiny pre-period mining (mean ~13 ha/yr), so a weak counterfactual"
"(a) main: control = Amarakaeri + Bahuaja-Sonene, equal-weight mean",Tambopata BZ,Amarakaeri|Reserva Comunal; Bahuaja-Sonene|Parque Nacional,2016-2018,2019-2021,-1634.0,description,Mean of the two zones
"(a) placebo: control = Amarakaeri + Bahuaja-Sonene, equal-weight mean",Tambopata BZ,Amarakaeri|Reserva Comunal; Bahuaja-Sonene|Parque Nacional,2013-2015,2016-2018,140.4,description,"Mean of the two zones; PLACEBO window: no real treatment, a large value = pre-trend/noise"
"(a) persistence: control = Amarakaeri + Bahuaja-Sonene, equal-weight mean",Tambopata BZ,Amarakaeri|Reserva Comunal; Bahuaja-Sonene|Parque Nacional,2016-2018,2022-2025,-308.4,description,Mean of the two zones
"(a) main: control = Amarakaeri + Bahuaja-Sonene, summed",Tambopata BZ,Amarakaeri|Reserva Comunal; Bahuaja-Sonene|Parque Nacional,2016-2018,2019-2021,-1790.8,description,Sum of the two zones
"(a) placebo: control = Amarakaeri + Bahuaja-Sonene, summed",Tambopata BZ,Amarakaeri|Reserva Comunal; Bahuaja-Sonene|Parque Nacional,2013-2015,2016-2018,205.2,description,"Sum of the two zones; PLACEBO window: no real treatment, a large value = pre-trend/noise"
"(a) persistence: control = Amarakaeri + Bahuaja-Sonene, summed",Tambopata BZ,Amarakaeri|Reserva Comunal; Bahuaja-Sonene|Parque Nacional,2016-2018,2022-2025,-806.3,description,Sum of the two zones
(a) main: control = Rest of Madre de Dios,Tambopata BZ,dept. minus MdD buffer zones,2016-2018,2019-2021,-3726.5,description,Includes the legal mining corridor; ~5-10x the scale of the treated unit; see (d)
(a) placebo: control = Rest of Madre de Dios,Tambopata BZ,dept. minus MdD buffer zones,2013-2015,2016-2018,-10.3,description,"Includes the legal mining corridor; ~5-10x the scale of the treated unit; see (d); PLACEBO window: no real treatment, a large value = pre-trend/noise"
(a) persistence: control = Rest of Madre de Dios,Tambopata BZ,dept. minus MdD buffer zones,2016-2018,2022-2025,-7143.3,description,Includes the legal mining corridor; ~5-10x the scale of the treated unit; see (d)
"(a) main: control = Other Peruvian-Amazon-department buffer zones with 2014-18 mining (n=12), mean",Tambopata BZ,12 zones,2016-2018,2019-2021,-1504.8,description,Equal-weight mean; department-based Amazon filter
"(a) placebo: control = Other Peruvian-Amazon-department buffer zones with 2014-18 mining (n=12), mean",Tambopata BZ,12 zones,2013-2015,2016-2018,86.8,description,"Equal-weight mean; department-based Amazon filter; PLACEBO window: no real treatment, a large value = pre-trend/noise"
"(a) persistence: control = Other Peruvian-Amazon-department buffer zones with 2014-18 mining (n=12), mean",Tambopata BZ,12 zones,2016-2018,2022-2025,96.3,description,Equal-weight mean; department-based Amazon filter
"(a) main: control = All Peru buffer zones with 2014-18 mining (n=14), mean (event-study pool B)",Tambopata BZ,14 zones,2016-2018,2019-2021,-1502.1,description,Any department; includes non-Amazon zones
"(a) placebo: control = All Peru buffer zones with 2014-18 mining (n=14), mean (event-study pool B)",Tambopata BZ,14 zones,2013-2015,2016-2018,84.8,description,"Any department; includes non-Amazon zones; PLACEBO window: no real treatment, a large value = pre-trend/noise"
"(a) persistence: control = All Peru buffer zones with 2014-18 mining (n=14), mean (event-study pool B)",Tambopata BZ,14 zones,2016-2018,2022-2025,112.2,description,Any department; includes non-Amazon zones
"(b) event study (ref 2018), pool B without Amarakaeri",Tambopata BZ,13 zones,2018 (reference),2019-2021,-1595.5,description,Mean event-study coefficient over the post window (reference year 2018 only; not the same baseline as the 2016-18 DiD)
"(b) event study (ref 2018), pool B without Amarakaeri",Tambopata BZ,13 zones,2018 (reference),2022-2025,64.2,description,Mean event-study coefficient over the post window (reference year 2018 only; not the same baseline as the 2016-18 DiD)
"(b) event study (ref 2018), pool A without Amarakaeri",Tambopata BZ,1 zones,2018 (reference),2019-2021,-1611.0,description,Mean event-study coefficient over the post window (reference year 2018 only; not the same baseline as the 2016-18 DiD)
"(b) event study (ref 2018), pool A without Amarakaeri",Tambopata BZ,1 zones,2018 (reference),2022-2025,15.4,description,Mean event-study coefficient over the post window (reference year 2018 only; not the same baseline as the 2016-18 DiD)
"(b) event study (ref 2018), pool B full (reference for the two rows above)",Tambopata BZ,14 zones,2018 (reference),2019-2021,-1632.5,description,"Same estimator, nothing dropped"
"(b) event study (ref 2018), pool B full (reference for the two rows above)",Tambopata BZ,14 zones,2018 (reference),2022-2025,-18.2,description,"Same estimator, nothing dropped"
"(b) displacement: sum of the 2 other zones (Tambopata dropped), before/after change",Amarakaeri + Bahuaja-Sonene (summed),(none),2016-18,2019-2021,313.6,description,Not a DiD: change in mean annual addition. Positive = the neighbours gained
"(b) displacement: sum of the 2 other zones (Tambopata dropped), before/after change",Amarakaeri + Bahuaja-Sonene (summed),(none),2016-18,2022-2025,995.8,description,Not a DiD: change in mean annual addition. Positive = the neighbours gained
(d) rest-of-MdD definition: all biomes vs Amazonia only,Rest of Madre de Dios,(n/a),2014-25,,0.0,description,Value = max abs difference in annual additions (ha). MdD non-Amazon-biome mining max 0.00 ha; that biome is 0.07% of the department area. Mismatch negligible; the real issue is the legal mining corridor inside 'rest'.
