month,grams_fine
Jan.2001,0
Feb.2001,0
Mar.2001,0
Apr.2001,0
May.2001,0
Jun.2001,0
Jul.2001,0
Aug.2001,0
Sep.2001,0
Oct.2001,0
Nov.2001,0
Dec.2001,0
Jan.2002,0
Feb.2002,0
Mar.2002,0
Apr.2002,0
May.2002,0
Jun.2002,0
Jul.2002,0
Aug.2002,0
Sep.2002,0
Oct.2002,0
Nov.2002,0
Dec.2002,0
Jan.2003,142.6
Feb.2003,143.52
Mar.2003,149.04
Apr.2003,513.36
May.2003,588.8
Jun.2003,976.76
Jul.2003,1236.2
Aug.2003,1218.72
Sep.2003,456.32
Oct.2003,0
Nov.2003,0
Dec.2003,0
Jan.2004,191.36
Feb.2004,213.44
Mar.2004,195.04
Apr.2004,522.56
May.2004,451.72
Jun.2004,885.68
Jul.2004,997.92
Aug.2004,1008.04
Sep.2004,655.96
Oct.2004,0
Nov.2004,0
Dec.2004,0
Jan.2005,1148571.717878
Feb.2005,1463290.46363
Mar.2005,1515075.014938
Apr.2005,1506735.052425
May.2005,1303453.349917
Jun.2005,1442258.548186
Jul.2005,1479080.439049
Aug.2005,1400717.516878
Sep.2005,1314178.441776
Oct.2005,1210413.319186
Nov.2005,1273064.668844
Dec.2005,1271496.00031
Jan.2006,1269729.266147
Feb.2006,1392606.291904
Mar.2006,1300698.272639
Apr.2006,1324674.277664
May.2006,1352757.607481
Jun.2006,1409190.914207
Jul.2006,1345352.863502
Aug.2006,1274188.247378
Sep.2006,1262103.481331
Oct.2006,1269732.854263
Nov.2006,1308610.76222
Dec.2006,1381204.498134
Jan.2007,1347630.311434
Feb.2007,1355175.823109
Mar.2007,1362320.924354
Apr.2007,1335085.718502
May.2007,1419712.096285
Jun.2007,1383260.703332
Jul.2007,1422398.783867
Aug.2007,1393659.663287
Sep.2007,1425310.284631
Oct.2007,1389554.032535
Nov.2007,1351155.046341
Dec.2007,1280710.85571
Jan.2008,1206848.125793
Feb.2008,1179754.251043
Mar.2008,1365757.709745
Apr.2008,1241717.239255
May.2008,1293295.419353
Jun.2008,1339985.13913
Jul.2008,1370052.389099
Aug.2008,1611359.860327
Sep.2008,1539351.686996
Oct.2008,1590106.092527
Nov.2008,1559974.815826
Dec.2008,1486585.329703
Jan.2009,1277933.107147
Feb.2009,1184042.391673
Mar.2009,1506772.388469
Apr.2009,1528128.754288
May.2009,1439995.86028
Jun.2009,1559149.353361
Jul.2009,1475606.268217
Aug.2009,1447179.377136
Sep.2009,1468537.313973
Oct.2009,1446999.089676
Nov.2009,1521487.721241
Dec.2009,1492152.669168
Jan.2010,1397709.651694
Feb.2010,1264709.508652
Mar.2010,1196966.914575
Apr.2010,816981.509899
May.2010,1258032.757506
Jun.2010,1343042.100688
Jul.2010,1453446.718376
Aug.2010,1635189.220988
Sep.2010,2058921.027656
Oct.2010,2465953.410456
Nov.2010,2131164.549763
Dec.2010,2082725.476344
Jan.2011,1893899.75014
Feb.2011,1720731.163912
Mar.2011,1879889.708188
Apr.2011,1901948.093022
May.2011,1887206.755093
Jun.2011,2016362.971695
Jul.2011,2105734.670276
Aug.2011,2476629.812631
Sep.2011,2269170.851038
Oct.2011,2366591.820924
Nov.2011,805298.572168
Dec.2011,1310957.57697
Jan.2012,2148955.266389
Feb.2012,2079130.931967
Mar.2012,1365153.943506
Apr.2012,1814609.871192
May.2012,2042412.673176
Jun.2012,923773.103957
Jul.2012,776729.583679
Aug.2012,235338.786338
Sep.2012,251360.366827
Oct.2012,248586.429179
Nov.2012,197311.576281
Dec.2012,188274.648328
Jan.2013,180681.894711
Feb.2013,212174.662869
Mar.2013,978375.260907
Apr.2013,2007638.461814
May.2013,1753154.100571
Jun.2013,1843435.684432
Jul.2013,1373206.581608
Aug.2013,2971960.832095
Sep.2013,1354893.976416
Oct.2013,1257262.758063
Nov.2013,1136795.777275
Dec.2013,1006244.318232
Jan.2014,1021029.48194
Feb.2014,991845.401868
Mar.2014,1034324.94666
Apr.2014,546740.857542
May.2014,306589.531828
Jun.2014,236965.556123
Jul.2014,312038.065584
Aug.2014,429711.312003
Sep.2014,601625.527103
Oct.2014,785197.233997
Nov.2014,811373.843332
Dec.2014,954263.054821
Jan.2015,792407.038023
Feb.2015,970838.951535
Mar.2015,1202794.556539
Apr.2015,1213475.785517
May.2015,1234494.585533
Jun.2015,1032651.460296
Jul.2015,29125.412059
Aug.2015,36646.509791
Sep.2015,34798.095067
Oct.2015,1036505.933223
Nov.2015,975283.114568
Dec.2015,63285.957856
Jan.2016,1958869.374447
Feb.2016,2106883.085209
Mar.2016,1546412.800285
Apr.2016,1402284.235622
May.2016,1339364.344628
Jun.2016,1273990.822341
Jul.2016,1345352.853321
Aug.2016,38293.27802
Sep.2016,1320181.888297
Oct.2016,1321364.08403888
Nov.2016,1286689.444596
Dec.2016,1283532.919319
Jan.2017,1227137.830808
Feb.2017,1113900.971863
Mar.2017,1134344.045052
Apr.2017,1122959.971011
May.2017,1098699.075447
Jun.2017,1109179.234487
Jul.2017,1098981.465814
Aug.2017,1125494.626375
Sep.2017,1062140.800534
Oct.2017,1075184.764855
Nov.2017,784708.110288
Dec.2017,828247.849815
Jan.2018,869618.751738
Feb.2018,846876.634242
Mar.2018,839588.887621
Apr.2018,865840.359527
May.2018,870992.844363
Jun.2018,844556.69514
Jul.2018,843067.44855
Aug.2018,858172.878876
Sep.2018,840864.70089
Oct.2018,824993.441231
Nov.2018,789329.607885
Dec.2018,783419.693323
Jan.2019,772292.147292
Feb.2019,576215.139557
Mar.2019,576230.377095
Apr.2019,573805.244513
May.2019,574833.960768
Jun.2019,591629.5078
Jul.2019,607121.681904
Aug.2019,580350.861179
Sep.2019,546058.675708
Oct.2019,559973.267078
Nov.2019,561902.15072
Dec.2019,552754.563276
Jan.2020,508317.374667647
Feb.2020,95779.1075488288
Mar.2020,44762.4408333333
Apr.2020,7664.195
May.2020,47315.3860248783
Jun.2020,79291.8
Jul.2020,106059.383
Aug.2020,91716.667
Sep.2020,114089.49999998
Oct.2020,134535.357233022
Nov.2020,105637.125155617
Dec.2020,125055.319999963
Jan.2021,96207.2629999658
Feb.2021,77255.2399999646
Mar.2021,132004.974999964
Apr.2021,97409.3053777394
May.2021,104968.445004826
Jun.2021,119349.713033086
Jul.2021,136836.885333506
Aug.2021,141540.670999965
Sep.2021,134399.222000398
Oct.2021,131078.009999964
Nov.2021,127139.065055478
Dec.2021,97982.5701
Jan.2022,124197.526032735
Feb.2022,101357.794999967
Mar.2022,98133.9950130001
Apr.2022,100902.139999965
May.2022,91817.6380569645
Jun.2022,99250.5305579999
Jul.2022,112036.757018
Aug.2022,107327.617999964
Sep.2022,112189.004045
Oct.2022,107610.778199966
Nov.2022,115402.298070443
Dec.2022,108946.672883
Jan.2023,44425.634886643
Feb.2023,58253.0506065863
Mar.2023,137859.702545
Apr.2023,130214.270861429
May.2023,119577.383351
Jun.2023,131391.483056
Jul.2023,126180.752978
Aug.2023,125037.532451
Sep.2023,104002.962626265
Oct.2023,122039.907573
Nov.2023,98704.9014349999
Dec.2023,103502.558369
Jan.2024,75896.124564
Feb.2024,88401.95005
Mar.2024,84696.377415
Apr.2024,102199.849952
May.2024,92206.242177
Jun.2024,75321.53735
Jul.2024,100209.976353
Aug.2024,93997.742266
Sep.2024,93252.65182
Oct.2024,108541.128192
Nov.2024,81202.548999
Dec.2024,94432.8895936357
Jan.2025,83166.285399
Feb.2025,86897.862299
Mar.2025,98997.6227759856
Apr.2025,97844.178999
May.2025,97257.647867
Jun.2025,109549.112562985
Jul.2025,102675.933407
Aug.2025,121145.594378
Sep.2025,108736.084504585
Oct.2025,117670.646605
Nov.2025,100572.939242
Dec.2025,109643.38246
