year,gold_prod_national_thousand_kg_PM05149AA,gold_export_fob_musd_PM40097BA,gold_export_vol_thousand_oz_PM40098BA,gold_export_price_usd_oz_PM40099BA,madre_de_dios_gold_grams_fine_RD15556DA
2001,134.275,n.d.,n.d.,271.548427674939,0
2002,152.887,n.d.,n.d.,315.919056143749,0
2003,167.666,n.d.,n.d.,363.813910532263,5425.32
2004,168.277,n.d.,n.d.,407.058684090084,5121.72
2005,202.062,n.d.,n.d.,450.184449225832,16328334.533017
2006,197.033,n.d.,n.d.,604.219618345566,15890849.33687
2007,165.374808001774,n.d.,n.d.,701.713840062303,16465974.243387
2008,174.734301875853,n.d.,n.d.,870.412872838833,16784788.058797
2009,178.740754021702,n.d.,n.d.,974.004053629593,17347984.294629
2010,159.398986759112,n.d.,n.d.,1222.60106353125,19104842.846597
2011,161.441283214606,n.d.,n.d.,1576.54948565593,22634421.746057
2012,156.931785367207,10745.515758869,6427.05241268228,1671.91973379045,12271637.180819
2013,151.795502142184,8536.279491898,6047.36591896156,1411.56986467983,16075824.308993
2014,136.096581006936,6729.072217631,5323.38040029926,1264.05999790147,8031704.812801
2015,142.630403122236,6650.595363469,5743.77214027693,1157.8793867593,8622307.400007
2016,148.63683930861,7425.711526443,5936.56980706302,1250.84211384296,16223219.1301239
2017,147.624732340956,8270.4808182539,6563.922131,1259.99069659803,12780978.746349
2018,136.207283324826,8258.51405792,6513.30165299297,1267.94588948987,10077321.943386
2019,124.746638499159,8555.11571228,6139.68002706511,1393.41393599782,7073167.57689
2020,85.5395786351288,7829.56654408,4426.63110214395,1768.74159228852,1460223.65646327
2021,94.7090562905872,10184.99480196,5663.2602698446,1798.43311390657,1396171.36490486
2022,94.1971299861796,10194.40198066,5665.06080011143,1799.52207758467,1279172.752877
2023,111.96964243364,11072.93020756,5688.95269527895,1946.39168238277,1301190.14073892
2024,127.808079566024,15628.58151993,6513.72780121846,2399.32984565405,1090359.01873164
2025,130.864275484135,23312.92859082,6740.34059747225,3458.71670039386,1234157.29049956
