month,Kayapó,"Munduruku (incl. Sai-Cinza, Taquara)",Yanomami
2016-08,0.0,0.0,0.0
2016-09,0.17,0.0,0.0
2016-10,0.0,0.0,0.0
2016-11,0.0,0.2992,0.0
2016-12,0.0,0.0,0.0
2017-01,0.0,0.0,0.0
2017-02,0.0,0.0,0.0
2017-03,0.0,0.0,0.0
2017-04,0.2092,0.4404,0.0
2017-05,0.544,0.6264,0.0
2017-06,3.3269,0.0,0.0
2017-07,0.1457,0.1591,0.0
2017-08,0.4135,0.0,0.0
2017-09,0.0676,0.0,0.0
2017-10,0.7392,0.0,0.0
2017-11,0.3303,0.36,0.0
2017-12,0.0914,1.1088,0.0
2018-01,0.9896,0.2921,0.0
2018-02,0.0,0.0,0.0
2018-03,0.6028,0.0,0.0
2018-04,0.2291,1.7946,0.0
2018-05,3.2953,0.0628,0.0
2018-06,0.8419,0.1262,0.0
2018-07,0.076,0.3425,0.0
2018-08,0.9203,0.8608,0.0
2018-09,0.2061,0.8958,0.0
2018-10,0.9713,0.6113,0.0
2018-11,0.0,0.0,0.0
2018-12,0.1482,0.0,0.0
2019-01,0.3175,0.0783,0.0
2019-02,0.0,1.0286,1.0923
2019-03,0.2587,0.0,0.0
2019-04,0.6688,0.4242,0.0
2019-05,4.2945,4.1537,0.0
2019-06,0.9218,0.4032,0.0
2019-07,1.6264,1.9188,0.0
2019-08,1.1711,0.2789,0.0
2019-09,0.7569,0.5648,0.1698
2019-10,0.07,1.0113,0.1017
2019-11,3.3998,0.7623,0.0
2019-12,0.0644,0.8176,0.6171
2020-01,0.0,1.1896,0.0
2020-02,0.7238,0.5758,0.4284
2020-03,0.0,0.0,0.0
2020-04,0.288,0.8671,0.0
2020-05,0.643,0.9308,0.0
2020-06,1.3474,2.1127,0.0
2020-07,1.4368,2.0729,0.0
2020-08,2.6024,0.4851,0.0
2020-09,0.4664,1.0821,0.5923
2020-10,0.0,0.0,0.105
2020-11,0.1632,0.0,0.0
2020-12,0.2271,0.6217,0.0
2021-01,0.291,0.0,0.2857
2021-02,0.0,0.1875,0.0
2021-03,0.6973,1.3074,0.0
2021-04,0.0,1.4781,0.0767
2021-05,4.5144,3.3748,0.0
2021-06,3.8291,1.2171,0.0817
2021-07,1.8788,0.3908,0.0
2021-08,0.1615,0.142,0.1536
2021-09,0.2967,0.3296,0.499
2021-10,0.3803,0.1742,0.0
2021-11,0.0,0.2356,0.0
2021-12,0.0,0.0,0.1663
2022-01,0.2526,0.8446,0.0
2022-02,0.3453,0.1638,0.0
2022-03,0.0743,0.0,0.0
2022-04,0.1606,0.4137,0.2697
2022-05,0.4307,0.1474,0.194
2022-06,0.2557,0.0838,0.5495
2022-07,0.9639,0.0625,0.0
2022-08,0.2225,0.0672,0.5967
2022-09,0.0,0.0807,0.0
2022-10,0.0825,0.1903,0.0
2022-11,0.0,0.2117,0.2935
2022-12,0.0,0.0826,0.0
2023-01,0.0,0.0,0.0
2023-02,0.4238,0.0,0.2594
2023-03,0.2956,0.2534,1.8503
2023-04,0.2448,0.2102,1.313
2023-05,0.8646,0.4447,0.1114
2023-06,0.1547,0.4952,0.0
2023-07,0.4263,0.1295,0.0
2023-08,0.093,0.0,0.3525
2023-09,0.3493,0.0,0.0
2023-10,0.0696,0.0,0.0
2023-11,0.0,0.0,0.0
2023-12,0.0638,0.0,0.0
2024-01,0.0,0.0,0.8248
2024-02,0.0,0.0696,0.1296
2024-03,0.0,0.0,0.0785
2024-04,0.0,0.0714,0.0
2024-05,2.1257,0.1405,0.0
2024-06,0.4916,0.1867,0.0
2024-07,0.2184,0.3224,0.0
2024-08,0.0,0.0,0.0
2024-09,0.0,0.2362,0.0
2024-10,0.0,0.0,0.0
2024-11,0.0,0.0,0.0
2024-12,0.136,0.0,0.0
2025-01,0.0,0.0,0.4936
2025-02,0.0,0.0,0.0
2025-03,0.0,0.0,0.0
2025-04,0.0,0.0,0.0
2025-05,0.2061,0.0,0.0
2025-06,0.4082,0.0402,0.0
2025-07,0.0,0.1811,0.0
2025-08,0.0864,0.0,0.0
2025-09,0.0,0.1663,0.0
2025-10,0.0,0.0766,0.0
2025-11,0.0,0.0684,0.0
2025-12,0.0,0.0,0.0
2026-01,0.0,0.0,0.0
2026-02,0.0,0.0,0.0
2026-03,0.1794,0.0,0.0
2026-04,0.7101,0.0636,0.0
2026-05,0.2166,0.2972,0.0
2026-06,0.2475,0.0677,0.0
2026-07,0.1649,0.211,0.3714
2026-08,0.068,0.0,0.0
2026-09,0.1404,0.0,0.0
