year,AC,AM,AP,MA,MT,PA,RO,RR
2016,0.0,0.39,0.0,0.0,2.79,12.56,0.0,0.0
2017,0.0,0.71,0.0,0.0,3.63,47.7,0.37,0.0
2018,0.0,4.25,0.0,0.06,6.26,73.7,1.32,0.0
2019,0.0,3.87,0.23,0.0,8.18,90.11,1.31,1.95
2020,0.0,7.62,0.38,0.66,7.04,82.18,1.03,1.23
2021,0.0,13.09,0.87,0.52,6.51,98.02,1.3,1.18
2022,0.0,9.41,0.87,0.74,1.61,49.02,1.12,1.75
2023,0.0,28.62,6.66,0.09,5.12,55.38,0.3,3.58
2024,0.14,9.95,4.98,0.12,8.88,39.76,0.95,1.0
2025,0.0,8.24,8.08,0.06,11.13,28.52,1.03,0.07
2026,0.0,6.95,4.88,0.6,6.17,44.47,0.93,0.98
