UF,2014,2015,2016,2017,2018,2019,2020,2021,2022,2023,2024,2025
AC,179,163,325,360,149,249,114,179,324,447,372,486
AL,289,102,275,321,280,283,314,199,201,324,192,347
AM,677,612,861,977,1119,694,337,657,654,1167,719,1072
AP,65,424,233,174,159,257,186,72,165,196,84,145
BA,375,449,468,467,358,313,142,198,252,364,335,654
CE,1137,1077,1412,796,692,753,603,662,803,696,679,992
DF,150,204,168,109,293,165,469,113,77,161,144,147
ES,829,522,644,548,854,528,301,247,365,527,469,676
GO,624,298,414,429,732,397,330,241,363,362,221,377
MA,246,228,432,250,427,267,194,199,220,459,249,219
MG,1181,1591,657,426,522,493,690,329,1003,828,430,613
MS,384,459,391,344,413,272,189,182,233,228,349,293
MT,1294,1284,1415,1792,1003,1080,604,690,722,925,747,944
PA,2119,2459,1964,2107,1356,1583,1281,1113,1544,2824,1964,2137
PB,372,380,836,428,272,245,134,205,403,478,248,421
PE,278,214,350,204,258,241,133,156,368,420,273,433
PI,190,185,298,345,348,426,443,268,361,354,305,274
PR,417,675,527,375,510,388,316,316,462,609,527,704
RJ,331,296,629,435,385,427,101,488,334,785,370,368
RN,380,682,419,344,419,349,310,195,383,390,432,363
RO,811,1211,1463,1364,847,732,384,628,637,1171,734,893
RR,197,363,260,188,308,371,125,250,218,422,460,331
RS,765,503,396,469,500,279,307,403,619,453,348,252
SC,166,404,349,330,413,272,370,302,327,395,206,440
SE,76,129,145,174,228,97,72,61,127,102,119,190
SP,716,1161,1416,1329,1424,1104,492,627,982,1003,565,1405
TO,527,483,337,273,308,212,118,183,192,296,127,388
