territory,year,artisanal_exposed,artisanal_reveg,industrial_exposed,industrial_reveg,gold_artisanal_ha,gold_industrial_ha,nosubstance_artisanal_ha,gold_or_nosub_artisanal_ha,mining_artisanal_ha,mining_industrial_ha,gold_share_of_artisanal
Brasil,1985,17156.338537561034,2932.0053807617405,2030.950229187013,742.8787864074695,20088.343918322775,2773.8290155944824,1889.1992685546973,21977.543186877472,31846.2427439941,41861.48305615235,0.630791647222222
Brasil,1986,25739.49605754394,3934.136381427032,2530.286935253905,748.1261566223147,29673.632438970973,3278.41309187622,2450.461166180429,32124.093605151404,44976.88384303593,50055.29312477405,0.6597529642677888
Brasil,1987,35122.133363916,4523.384725219725,2827.262342681884,822.0978162719736,39645.51808913572,3649.3601589538575,3161.0236065185577,42806.54169565428,58952.315918817134,55583.6721730896,0.6725014525931656
Brasil,1988,47333.62113560791,6481.978593304452,3184.5079297241145,1254.973434893796,53815.59972891236,4439.48136461791,4463.15145135498,58278.75118026734,78411.06059611212,63370.98861148684,0.6863266396320205
Brasil,1989,62775.74351983685,11234.02206951902,3737.769240539541,1466.3598504577603,74009.76558935587,5204.129090997301,7012.775185467525,81022.5407748234,105417.22370384564,71739.79412750849,0.7020652127708803
Brasil,1990,73911.7654223147,13516.95794830313,4391.187423815912,1602.558402441402,87428.72337061782,5993.745826257314,8316.976343249506,95745.69971386733,123414.86015733054,79099.91691518534,0.7084132596282391
Brasil,1991,78516.58492676412,16696.60755803825,4948.56977836913,1770.533726275633,95213.19248480236,6719.103504644763,8965.419934454341,104178.61241925671,133297.50012501242,82334.04920634744,0.7142909086480026
Brasil,1992,85729.32776403784,17153.380402148363,5115.464840966791,2162.3295840087885,102882.7081661862,7277.794424975579,9622.290683984367,112504.99885017057,143058.35320425394,85376.2800445433,0.7191660316353126
Brasil,1993,94921.0876859618,14784.78047846053,5490.45131527099,2277.65237720947,109705.86816442233,7768.103692480459,10178.315533117675,119884.18369754,151977.64105363752,88564.52260117172,0.7218553163731749
Brasil,1994,99409.1301719112,16317.470821765117,6013.050892572009,2437.4219347045896,115726.60099367631,8450.472827276599,10782.609877185056,126509.21087086137,160032.54327942472,93593.28209543452,0.7231441719426527
Brasil,1995,101329.74978246963,16251.2466498229,6236.565497863754,2477.333371411131,117580.99643229254,8713.898869274884,11062.489265637209,128643.48569792975,162611.7664764943,95459.19578670023,0.723078034142683
Brasil,1996,103135.7149495353,15736.58565317984,6441.460103710922,2496.017503918458,118872.30060271513,8937.47760762938,11296.485030169679,130168.7856328848,164505.51928384925,97395.8100502191,0.7226037224781778
Brasil,1997,105405.39645984402,15202.54820438229,7340.624022448704,1826.6040388610863,120607.9446642263,9167.22806130979,11442.623447265622,132050.5681114919,166811.4282827079,99871.14580581036,0.7230196750058571
Brasil,1998,106913.10657921618,15008.13951084585,8160.889859796127,1202.9707217773434,121921.24609006204,9363.86058157347,11573.455051074216,133494.70114113626,168784.5624774096,102760.39756402568,0.7223483255844572
Brasil,1999,107395.284845476,16193.925327594045,8501.030202508537,1168.528898010254,123589.21017307004,9669.55910051879,11634.563321185293,135223.77349425532,170946.46207310073,105708.05006828578,0.7229702719452619
Brasil,2000,107623.99349484764,16953.49786887206,8583.170084881584,1208.222252008057,124577.4913637197,9791.392336889641,11734.47983304443,136311.97119676412,172434.57133204263,108267.25608185986,0.7224623832759812
Brasil,2001,107741.11276518444,18137.64923009652,8466.445709283438,1348.7156841735855,125878.76199528096,9815.161393457023,11903.263202819822,137782.02519810078,174319.9821905814,110491.43647706287,0.7221132105076722
Brasil,2002,108330.68092004882,18213.1988901734,8527.880039898682,1456.4705496337904,126543.87981022222,9984.350589532472,12078.532232092286,138622.4120423145,175617.67530073138,112679.69025833746,0.7205645991699061
Brasil,2003,109642.53822985716,17615.196045745924,8682.79985182495,1498.0711687255878,127257.73427560308,10180.871020550538,12273.595072766115,139531.3293483692,176907.2978119863,115360.632478131,0.7193470017887571
Brasil,2004,110677.25968936656,17113.020180114814,8830.828789105228,1482.5538022888206,127790.27986948137,10313.382591394049,12446.179154205327,140236.4590236867,177934.14778961707,117795.97148761594,0.7181886189747906
Brasil,2005,111116.74543860371,17597.32991612555,9098.85564685058,1495.4836033325223,128714.07535472926,10594.339250183102,12635.108559600842,141349.1839143301,179585.40320230028,121442.54048952038,0.7167290495750078
Brasil,2006,110944.3906304006,18628.77278910528,9453.100667510982,1523.336738891604,129573.16341950587,10976.437406402587,12852.911226226795,142426.07464573267,181259.5692107048,124291.2570749206,0.7148486779690171
Brasil,2007,110703.22468328792,19724.509866107204,9783.600692810054,1539.518543530275,130427.73454939513,11323.11923634033,13196.039025158703,143623.77357455384,184699.3766950252,128963.12903450913,0.7061622885969824
Brasil,2008,110379.84494050224,21130.14469993285,10378.128850323485,1556.996217608645,131509.9896404351,11935.12506793213,13401.631593707289,144911.62123414237,186731.41528477124,135061.677155078,0.7042735119844631
Brasil,2009,110477.52756379324,22075.37951488039,10678.849222052017,1606.1531618286165,132552.90707867363,12285.002383880634,13579.964753686534,146132.87183236016,188588.86372118487,139915.73726250598,0.7028670965144772
Brasil,2010,110923.36271143766,23291.16205605471,11207.704584436084,1645.8881567626988,134214.52476749237,12853.592741198783,13814.457911346446,148028.98267883883,191249.27344230335,144198.13494765025,0.7017779589525217
Brasil,2011,112313.09467830816,24227.975149816917,11817.625816595491,1551.8437899414089,136541.06982812507,13369.4696065369,14048.233994171138,150589.3038222962,194670.9046309573,149516.72426473402,0.701394335671114
Brasil,2012,113217.23791199886,26495.06951587521,12484.648203710887,1470.7351919311543,139712.30742787407,13955.383395642042,14367.942637426764,154080.25006530085,199400.3091698177,155043.5431855896,0.7006624413450091
Brasil,2013,114873.18473103472,28489.55249435423,13030.09825737296,1542.2339165893568,143362.73722538896,14572.332173962317,14751.938966827394,158114.67619221634,205102.4783340989,160463.85397791697,0.6989810088587042
Brasil,2014,118837.69222407664,28378.79455770872,13376.194530541905,1573.0246706542978,147216.48678178535,14949.219201196203,15161.404866821304,162377.89164860666,210854.13297031092,165033.839698773,0.6981911367253778
Brasil,2015,123488.68913276771,28287.024488329946,13780.992700372222,1577.626809320068,151775.71362109768,15358.619509692291,15552.91789517823,167328.6315162759,217481.21898364663,169574.5277660034,0.6978796345283974
Brasil,2016,129064.76732669478,28736.115584246705,14130.457863000467,1668.1009768981946,157800.8829109415,15798.558839898662,16535.80719709475,174336.69010803624,226644.6290088115,173497.989785303,0.6962480584739844
Brasil,2017,135125.16729882057,29588.2885074828,14539.130571423346,1599.9769016906737,164713.45580630336,16139.10747311402,18258.584089160195,182972.03989546356,237729.3445563157,177090.82352309604,0.6928612709285639
Brasil,2018,141459.30106710643,30287.554805474712,14803.670792041026,1612.7967473754888,171746.85587258113,16416.467539416517,19915.419930029344,191662.27580261047,248367.75697623723,180239.8484426576,0.6915022222027521
Brasil,2019,149713.54649154027,29951.67779660629,15089.952184539778,1685.6610328491229,179665.22428814656,16775.613217388902,22384.137544097986,202049.36183224455,261202.0522132077,184204.39082228343,0.6878400179700493
Brasil,2020,172545.4953261279,34208.352449127124,16941.140498260487,1988.773650140381,206753.847775255,18929.91414840087,29425.689157428005,236179.53693268303,304195.6219800464,199612.693957714,0.6796739756787721
Brasil,2021,189090.2161393533,37675.60294058824,17585.95169566045,2095.2049976135268,226765.81907994152,19681.156693273977,35257.207264099154,262023.02634404067,337088.423483915,209185.5237543021,0.6727190946999763
Brasil,2022,202931.23952275,42567.746935668816,18530.719454394693,2159.180664135744,245498.9864584188,20689.900118530437,42446.86527073981,287945.8517291586,370225.7354095969,217915.9158878041,0.6631062159598726
Brasil,2023,216899.7636866228,46252.75245375968,20521.203066754253,2329.51919510498,263152.5161403825,22850.722261859235,48175.04021036374,311327.55635074625,399175.6434789688,226618.2247481864,0.659239912152223
Brasil,2024,230404.23369863196,46043.604098754826,21500.535740881485,2260.55191422119,276447.8377973868,23761.087655102674,51489.50659066767,327937.34438805445,420799.0228575062,234799.62473265865,0.6569593149720774
Brasil,2025,246310.52174071647,44430.37741531975,23800.795909338416,2000.388380627441,290740.8991560362,25801.18428996586,57505.73260130614,348246.6317573424,445986.5425454708,243865.3097902017,0.6519050944825169
all indigenous lands combined,1985,962.4137787841896,45.185431524658185,0.0,0.0,1007.5992103088478,0.0,1061.7616921447839,2069.3609024536318,2078.0582791443057,24.939629931640606,0.48487533791581283
all indigenous lands combined,1986,1156.5700860961922,110.18373969726572,0.0,0.0,1266.753825793458,0.0,1339.7722870422438,2606.5261128357015,2636.6100007812583,26.25993720092772,0.4804479332999966
all indigenous lands combined,1987,1357.5081666015687,129.06790426025398,0.0,0.0,1486.5760708618227,0.0,1581.792891027836,3068.3689618896587,3101.729257629405,33.5869351135254,0.479273317361679
all indigenous lands combined,1988,1613.7289633849969,175.86892761840838,0.0,0.0,1789.5978910034053,0.0,2060.1253007873547,3849.72319179076,3886.013277111805,39.83834059448244,0.4605228452367731
all indigenous lands combined,1989,1804.4692919067531,197.5165177795412,0.0,0.0,2001.9858096862943,0.0,3227.3415838684077,5229.327393554702,5266.239508819595,40.735167535400414,0.38015472071361045
all indigenous lands combined,1990,1970.131875250221,254.18060643310557,0.0,0.0,2224.3124816833265,0.0,3787.5815659179716,6011.894047601298,6051.996382244852,44.86179201049805,0.3675336766903796
all indigenous lands combined,1991,2085.3654005553917,296.90117171020506,0.0,0.0,2382.2665722655966,0.0,4014.513104931643,6396.779677197239,6437.769873095676,43.59861947631836,0.370045313707378
all indigenous lands combined,1992,2119.0908448730283,395.59784362182654,0.0,0.0,2514.688688494855,0.0,4298.639655072023,6813.328343566878,6857.337330291731,43.592756640625005,0.36671503345568573
all indigenous lands combined,1993,2410.445524932856,467.9470780517582,0.0,0.0,2878.3926029846143,0.0,4569.053855914312,7447.446458898927,7494.563078387451,45.36882713623047,0.3840640972500743
all indigenous lands combined,1994,2478.4009669799725,513.2844585876466,0.0,0.0,2991.685425567619,0.0,4770.453253356936,7762.138678924555,7809.167107373042,47.05256992797853,0.3830991685071014
all indigenous lands combined,1995,2438.8466733337177,609.5788106445328,0.0,0.0,3048.4254839782507,0.0,4859.723226452641,7908.148710430892,7955.70910299681,48.84037081909182,0.3831745787223353
all indigenous lands combined,1996,2378.961346398909,685.7980545471206,0.0,0.0,3064.7594009460295,0.0,4954.72078018189,8019.480181127919,8069.968786242666,47.50245677490235,0.3797733897274422
all indigenous lands combined,1997,2466.5571952514388,579.0804378845218,0.0,0.0,3045.6376331359606,0.0,4979.7959098754945,8025.433543011455,8076.898868640117,47.058439874267584,0.3770800752453578
all indigenous lands combined,1998,2479.651977160613,573.072864532471,0.0,0.0,3052.7248416930843,0.0,4997.503988250733,8050.228829943817,8102.936572674529,47.32661259765626,0.3767430257306672
all indigenous lands combined,1999,2630.7585328613127,418.5875524780276,0.08646044921875,0.0,3049.3460853393403,0.08646044921875,4986.68679017334,8036.032875512681,8088.652039050279,55.45394556884767,0.37699063708239033
all indigenous lands combined,2000,2930.753929174844,158.39535514526372,0.08646044921875,0.0,3089.1492843201077,0.08646044921875,4989.73580939331,8078.8850937134175,8131.420416943398,55.977150769042986,0.37990278769540237
all indigenous lands combined,2001,2939.2722541076937,156.16587659301777,0.08646044921875,0.0,3095.4381307007116,0.08646044921875,5043.3783339782685,8138.81646467898,8191.26354719851,57.101139056396505,0.37789507233708536
all indigenous lands combined,2002,2921.9089249451017,175.65057445678704,0.08646044921875,0.0,3097.559499401889,0.08646044921875,5075.18246443481,8172.741963836699,8225.543756060819,57.79281906738284,0.3765780830136023
all indigenous lands combined,2003,2912.7681766968058,189.0430160949707,0.08646044921875,0.0,3101.8111927917766,0.08646044921875,5116.155515081786,8217.966707873562,8271.123658996608,58.65742547607424,0.37501690467629467
all indigenous lands combined,2004,2908.9489596191675,194.5448830993652,0.08646044921875,0.0,3103.4938427185325,0.08646044921875,5148.6672877807605,8252.161130499293,8305.76180306399,64.27721916503907,0.37365553170254123
all indigenous lands combined,2005,2921.355153308135,186.3038283691408,0.08646044921875,0.0,3107.6589816772757,0.08646044921875,5168.967840307621,8276.626821984897,8330.138566967807,65.0553501098633,0.37306209935094414
all indigenous lands combined,2006,2930.7323392639446,186.93455010986327,0.08646044921875,0.0,3117.666889373808,0.08646044921875,5200.376917321768,8318.043806695576,8372.358393634053,69.72416262817386,0.3723761863496354
all indigenous lands combined,2007,2937.557603851346,189.67432764892607,0.08646044921875,0.0,3127.231931500272,0.08646044921875,5245.430578033455,8372.662509533728,8426.79913793949,70.32936149291994,0.37110555031752407
all indigenous lands combined,2008,2950.402235015908,190.29087910156264,0.08646044921875,0.0,3140.6931141174705,0.08646044921875,5310.588940808118,8451.282054925588,8505.418871722462,74.39294538574218,0.3692579003438825
all indigenous lands combined,2009,2961.5596977417363,188.96177171020508,0.08646044921875,0.0,3150.5214694519414,0.08646044921875,5342.655655163583,8493.177124615524,8547.31360179448,77.93776043701176,0.3685978561486851
all indigenous lands combined,2010,2957.208420428505,209.1646724304196,0.08646044921875,0.0,3166.373092858925,0.08646044921875,5383.416194451909,8549.789287310834,8604.014544000287,79.75339680175786,0.3680111274413042
all indigenous lands combined,2011,3008.849490911902,182.59439219360357,0.08646044921875,0.0,3191.443883105506,0.08646044921875,5417.566647735603,8609.010530841108,8673.567756744429,80.44797753906253,0.36795053346114576
all indigenous lands combined,2012,3089.1332177978657,178.26891801757813,0.08646044921875,0.0,3267.4021358154437,0.08646044921875,5548.454767236333,8815.856903051777,8892.68733965456,88.83440288696293,0.3674257298179526
all indigenous lands combined,2013,3262.5688481323104,156.10786112670922,0.08646044921875,0.0,3418.67670925902,0.08646044921875,5703.9708673523,9122.64757661132,9200.96912925414,98.09139630126958,0.3715561547086887
all indigenous lands combined,2014,3456.895250274649,152.10604173584005,0.08646044921875,0.0,3609.0012920104887,0.08646044921875,5813.3877394836545,9422.389031494144,9500.44128709717,98.78308296508794,0.37987722706228183
all indigenous lands combined,2015,3584.020437878308,139.7911444030764,0.08646044921875,0.0,3723.8115822813843,0.08646044921875,5906.754254656995,9630.565836938378,9709.42040945425,99.60728495483404,0.38352563028946995
all indigenous lands combined,2016,3842.181396923832,142.82910518798832,0.3459192993164062,0.0,3985.01050211182,0.3459192993164062,6271.376772027605,10256.387274139424,10335.153297973657,103.23872258911136,0.3855782674160367
all indigenous lands combined,2017,4294.281285345511,186.19183977661143,0.3459192993164062,0.0,4480.473125122122,0.3459192993164062,7297.530222863793,11778.003347985916,11857.659549646072,111.99147479858397,0.3778547618409111
all indigenous lands combined,2018,4921.398491418523,218.34722583618176,0.2594588500976562,0.0,5139.745717254705,0.2594588500976562,8483.679697753943,13623.425415008649,13704.047234723004,122.62092579345702,0.37505312330154067
all indigenous lands combined,2019,5960.604850451689,169.35109745483393,0.2594588500976562,0.0,6129.955947906523,0.2594588500976562,10526.233497253459,16656.18944515998,16737.61401275642,131.52183510131837,0.3662383385848564
all indigenous lands combined,2020,7358.3136424561,236.56644210815412,0.2594588500976562,0.0,7594.880084564254,0.2594588500976562,14931.71951027833,22526.599594842584,22624.05227064825,168.21146510009785,0.3356993695783499
all indigenous lands combined,2021,8965.31207094634,271.3880015563963,0.4323798522949219,0.0,9236.700072502736,0.4323798522949219,18247.809113879404,27484.50918638214,27587.7877401358,173.62762655029312,0.3348111910787548
all indigenous lands combined,2022,9890.860449193926,275.36333694458,0.5188401977539062,0.0,10166.223786138506,0.5188401977539062,20700.925254748534,30867.149040887038,30980.294071587723,173.97851047363298,0.32815130039265933
all indigenous lands combined,2023,10609.133606957548,258.94032622070324,0.5188401977539062,0.0,10868.073933178252,0.5188401977539062,23004.761320971633,33872.83525414988,33988.55233294017,178.64468237915054,0.3197568942248065
all indigenous lands combined,2024,11158.85469139312,319.2884452087403,0.5188401977539062,0.0,11478.14313660186,0.5188401977539062,23964.966141729714,35443.109278331576,35561.90042410184,194.46563167724645,0.32276517845549746
all indigenous lands combined,2025,11649.36633875604,261.9171265869142,0.5188401977539062,0.0,11911.283465342953,0.5188401977539062,27875.448505987537,39786.73197133049,39914.5076630114,201.33796435546927,0.2984199020042301
