year,gold,silver,platinum,copper,tin,iron_ore,oil,gold_idx,silver_idx,platinum_idx,copper_idx,tin_idx,iron_ore_idx,oil_idx,ln_gold,ln_silver,ln_platinum,ln_copper,ln_tin,ln_iron_ore,ln_oil
1961,35.0,0.9083333333333333,84.0,633.0,2450.0,11.0,1.6000000000000003,2.757533976757928,5.779427359490986,9.549976314542869,9.693844995469568,12.161625521212523,15.766841853798375,2.340607094965257,3.5553480614894135,-0.0961438605529023,4.430816798843313,6.450470422144176,7.803843303538772,2.3978952727983707,0.47000362924573574
1962,35.0,1.075,84.0,645.4166666666666,2471.4166666666665,11.0,1.5,2.757533976757928,6.839872746553552,9.549976314542869,9.883995456807769,12.26793632934013,15.766841853798375,2.194319151529928,3.5553480614894135,0.07232066157962608,4.430816798843313,6.469896103062968,7.812546814463271,2.3978952727983707,0.4054651081081644
1963,35.0,1.2916666666666667,81.33333333333333,646.3333333333334,2507.6666666666665,11.0,1.5,2.757533976757928,8.21845174973489,9.24680246328754,9.898033410329383,12.447878747766232,15.766841853798375,2.194319151529928,3.5553480614894135,0.2559333741372007,4.398555936625092,6.471315366574542,7.827107984892112,2.3978952727983707,0.4054651081081644
1964,35.0,1.3,88.91666666666667,969.6666666666666,3412.75,10.2,1.5,2.757533976757928,8.271474019088016,10.108953102794883,14.849602470679818,16.940647958170626,14.620162446249402,2.194319151529928,3.5553480614894135,0.26236426446749106,4.487699601513753,6.876952369827092,8.135273696883088,2.322387720290225,0.4054651081081644
1965,35.0,1.3,98.5,1292.9166666666667,3890.9166666666665,10.625,1.3999999999999997,2.757533976757928,8.271474019088016,11.198484130743722,19.799895353437385,19.31423323846714,15.229335881509796,2.048031208094599,3.5553480614894135,0.26236426446749106,4.590056548178043,7.16465592709448,8.26640005581012,2.3632097148104805,0.33647223662121273
1966,35.0,1.3,99.83333333333333,1531.5,3573.4166666666665,9.5,1.3999999999999997,2.757533976757928,8.271474019088016,11.350071056371387,23.45359180183514,17.73818584949368,13.616817964644051,2.048031208094599,3.5553480614894135,0.26236426446749106,4.603502128887395,7.33400292627283,8.181277466580278,2.2512917986064953,0.33647223662121273
1967,35.0,1.5583333333333333,110.66666666666667,1134.6666666666667,3308.1666666666665,8.9,1.3,2.757533976757928,9.915164369034994,12.581714827096164,17.376434104569995,16.42150373949302,12.756808408982323,1.9017432646592711,3.5553480614894135,0.44361687407254063,4.706522680248379,7.034094201025155,8.104149437784523,2.186051276738094,0.26236426446749106
1968,38.916666666666664,2.158333333333333,117.66666666666667,1242.0,3126.75,8.8,1.3,3.0661151598713148,13.732767762460233,13.377546186641402,19.020150844191477,15.520964325898474,12.613473483038701,1.9017432646592711,3.661422607880897,0.7693363189174917,4.767855768265187,7.124478262493424,8.047749405429016,2.174751721484161,0.26236426446749106
1969,40.916666666666664,1.7916666666666667,124.66666666666667,1467.25,3427.4166666666665,9.8,1.3,3.223688529971768,11.399787910922587,14.173377546186641,22.469658877729422,17.013452247005095,14.046822742474918,1.9017432646592711,3.71153747800652,0.5831462853456169,4.825643508746422,7.291145179438444,8.139562097987485,2.2823823856765264,0.26236426446749106
1970,35.833333333333336,1.7750000000000001,133.0,1415.75,3673.5833333333335,9.8,1.2,2.823189547633117,11.293743372216332,15.120795831359546,21.6809811253334,18.235406049374546,14.046822742474918,1.7554553212239425,3.578878558899608,0.5738004229273792,4.890349128221754,7.255414704993914,8.208922849799174,2.2823823856765264,0.1823215567939546
1971,40.916666666666664,1.5416666666666667,123.5,1081.3333333333333,3512.0833333333335,10.3,1.6500000000000001,3.223688529971768,9.809119830328738,14.040738986262436,16.55968044513074,17.433731550731355,14.763497372193028,2.413751066682921,3.71153747800652,0.4328640822962789,4.816241156068032,6.985950126567194,8.163964682643583,2.33214389523559,0.5007752879124894
1972,58.166666666666664,1.6833333333333333,127.58333333333333,1057.6666666666667,3740.0833333333335,10.3,1.8499999999999999,4.582758847088176,10.71049840933192,14.504973945997158,16.19724600875458,18.565507313521746,14.763497372193028,2.7063269535535777,4.0633124529743725,0.5207759546191588,4.848769745869683,6.963820502915086,8.226863171800275,2.33214389523559,0.6151856390902334
1973,97.33333333333333,2.5500000000000003,152.58333333333334,1785.3333333333333,4802.333333333333,10.3,2.8249999999999997,7.668570678222046,16.224814422057264,17.347228801515868,27.340828749728807,23.838440664504603,14.763497372193028,4.132634402048031,4.578141513600172,0.9360933591703349,5.027710894886511,7.487360418142954,8.476857189893364,2.33214389523559,1.0385083645984041
1974,159.25,4.691666666666667,185.16666666666666,2058.5833333333335,8184.5,13.4,10.975,12.546779594248573,29.851537645811245,21.05163429654192,31.52541507676208,40.62727513402608,19.206880076445294,16.05510179202731,5.070475294452272,1.5457878853576446,5.221256320411575,7.629773322942583,9.009997400584409,2.5952547069568657,2.395619958961235
1975,160.91666666666666,4.408333333333333,169.91666666666666,1234.75,6876.583333333333,17.3,10.425,12.678090735998948,28.048780487804876,19.31785883467551,18.909123393611456,34.13486994506585,24.796942188246536,15.250518103133,5.080886632640514,1.4834966890762533,5.135308120786455,7.118623799420734,8.835877199049403,2.8507065015037334,2.3442067676848652
1976,124.83333333333333,4.375,159.66666666666666,1400.75,7585.583333333333,22.7,11.625,9.835204517103275,27.836691410392365,18.152534343912833,21.451269158616114,37.654295453041236,32.5370281892021,17.00597342435694,4.826979514289165,1.4759065198095778,5.073088308742806,7.244763086445394,8.934004794999971,3.122364924487357,2.45315795147342
1977,147.66666666666666,4.633333333333334,158.41666666666666,1308.75,10804.75,23.100000000000005,12.549999999999999,11.634167159083447,29.48038176033935,18.0104216011369,20.04236909608341,53.63400953074326,33.1103678929766,18.35913690113373,4.994957481377026,1.5332765514685365,5.065228692700429,7.176827762184747,9.28774113123694,3.1398326175277482,2.5297206655777926
1978,193.16666666666666,5.416666666666667,260.6666666666667,1364.8333333333333,12875.333333333334,21.5,12.933333333333332,15.218961328868755,34.46447507953341,29.635243960208435,20.901236616087495,63.912237739095914,30.817009077878645,18.919907350969154,5.263553374111697,1.6894806201076369,5.563242451877201,7.218787600042133,9.463068615164435,3.068052935133617,2.559807957961118
1979,306.75,11.108333333333334,442.75,1985.25,15447.5,23.5,30.983333333333334,24.167815639156984,70.67868504772005,50.336333491236374,30.402378795033115,76.680289893441,33.68370759675108,45.32488114104596,5.7260330835910205,2.407695577396663,6.093005276662943,7.59350012977532,9.645202456935134,3.1570004211501135,3.4334494254993433
1980,607.8333333333334,20.8,679.1666666666666,2182.0833333333335,16774.833333333332,28.100000000000005,36.875,47.889173396362686,132.34358430540826,77.21459024159165,33.41671026940109,83.2690780329605,40.277114190157675,53.9436791417774,6.409900721580625,3.0349529867072724,6.520866556446908,7.688035356925588,9.727635026370754,3.3357695763397004,3.607533814659984
1981,459.75,10.525,447.5,1741.8333333333333,14159.25,28.100000000000005,35.49166666666667,36.22217845184164,66.96712619300106,50.876361913784926,26.674664046248676,70.28550863723609,40.277114190157675,51.92002925758869,6.130682863484431,2.3537533795684453,6.10367653771491,7.462693477366448,9.558123399743263,3.3357695763397004,3.5692979271411676
1982,375.75,7.941666666666666,328.4166666666667,1480.5833333333333,12825.916666666666,32.5,32.65,29.604096907622612,50.53022269353128,37.33775461866414,22.673847292589233,63.66693692501158,46.58385093167702,47.76301353163476,5.928924028633084,2.072123160872156,5.794283127407003,7.300191433247906,9.459223142468511,3.481240089335692,3.48584485572244
1983,422.5833333333333,11.416666666666666,423.4166666666667,1591.9166666666667,12988.083333333334,29.0,29.675,33.29393999080822,72.64050901378579,48.13832306963524,24.378820556668664,64.4719207095109,41.56712852365027,43.41094721443374,6.0463866660070185,2.4350742760401247,6.048356721805732,7.372694019975651,9.47178754938119,3.367295829986474,3.390304940495732
1984,360.5,8.15,357.75,1377.5,12233.5,26.2,28.575,28.402599960606658,51.855779427359494,40.67266698247276,21.095215610204317,60.72622278112384,37.553750597228856,41.80177983664513,5.887491956725004,2.0980179272527715,5.87983441843656,7.22802554102707,9.411933369259948,3.265759410767051,3.3525322096808745
1985,318.0,6.133333333333333,292.4166666666667,1417.5,11539.0,26.600000000000005,27.191666666666666,25.054165845972033,39.02439024390244,33.24490762671719,21.70778085478375,57.278774240518906,38.12709030100335,39.77812995245642,5.762051382780177,1.8137383759468302,5.678179725795215,7.256650035601907,9.353487881194667,3.2809112157876537,3.3029105538112744
1986,367.75,5.441666666666666,465.0,1373.8333333333333,6161.333333333333,26.3,14.366666666666667,28.9738034272208,34.623541887592786,52.86594031264803,21.039063796117865,30.584419882189422,37.69708552317248,21.016701206875535,5.907403359481547,1.694085386494385,6.142037405587356,7.225360165085172,8.726048483322048,3.269568939183719,2.6649107084415924
1987,446.4166666666667,7.008333333333333,555.75,1782.5,6664.75,25.3,18.158333333333335,35.17168931783862,44.591728525980905,63.18332543818096,27.297438711571104,33.08334436428619,36.26373626373626,26.563452395465077,6.10125274609296,1.947099917190902,6.320318552844306,7.485772152288451,8.80458772253197,3.2308043957334744,2.899129592162574
1988,437.0833333333333,6.516666666666667,530.5,2601.75,7051.75,24.3,14.733333333333334,34.436346924036506,41.46341463414634,60.312648034107056,39.84354062711367,35.00438480375935,34.83038700430005,21.553090332805073,6.080123871042397,1.874362997763265,6.2738199580540375,7.8639395745179685,8.861031091953457,3.190476350346503,2.690112500415543
1989,381.4166666666667,5.516666666666667,509.75,2848.3333333333335,8534.583333333334,27.8,17.849999999999998,30.050554789573898,35.100742311770944,57.95357650402653,43.61975012442731,42.36506386921703,39.8471094123268,26.11239790320614,5.943892390865642,1.7077738131549622,6.233920409454565,7.954489306881582,9.051881815446755,3.3250360206965914,2.882003508225648
1990,383.5,4.841666666666667,471.6666666666667,2661.5,6085.333333333333,32.5,22.891666666666666,30.214693716761865,30.80593849416755,53.62387494078635,40.7585599612042,30.207161294592627,46.58385093167702,33.48774838473729,5.949339620807311,1.5772590140698652,6.156272521409228,7.886645152612812,8.713636783433747,3.481240089335692,3.130772943313228
1991,362.25,4.041666666666667,375.75,2338.8333333333335,5595.166666666667,34.8,19.39166666666667,28.540476659444554,25.715800636267232,42.71909047844623,35.81720032159675,27.774008868886096,49.88055422838031,28.367670364500796,5.8923345812007915,1.3966571481554373,5.928924028633084,7.757407508523081,8.629658408803996,3.5496173867804286,2.964843420520246
1992,343.6666666666667,3.9583333333333335,359.6666666666667,2281.0833333333335,6101.0,33.1,19.025000000000002,27.076357428927842,25.185577942735947,40.89057318806253,34.93280924973519,30.284929512211267,47.44386048733875,27.831281238571258,5.83967219534885,1.3758230612525952,5.885177676590025,7.732405755301106,8.716207971151853,3.4995332823830174,2.94575390374775
1993,359.6666666666667,4.308333333333334,373.9166666666667,1913.0833333333333,5161.25,29.100000000000005,16.849999999999998,28.33694438973147,27.41251325556734,42.510658455708196,29.297208999604386,25.620077437289034,41.710463449593895,24.649518468852854,5.885177676590025,1.4605511317263833,5.924032956187983,7.556471530087571,8.5489340772003,3.370738174177447,2.8243506567983707
1994,383.9166666666667,5.283333333333333,405.1666666666667,2307.3333333333335,5463.833333333333,26.5,15.891666666666666,30.247521502199465,33.61611876988335,46.063477025106586,35.334805191490446,27.12207955523198,37.98375537505972,23.24759234426429,5.950425515147916,1.66455721165518,6.004298505088069,7.74384773552718,8.605905898101174,3.2771447329921766,2.765794862818373
1995,384.1666666666667,5.208333333333333,424.4166666666667,2935.75,6213.833333333333,28.399999999999995,17.175,30.26721817346202,33.13891834570519,48.25201326385599,44.95846041935195,30.84502614335826,40.70711896798853,25.124954285017676,5.951076486202694,1.6502599069543555,6.050715677096604,7.9847182362451905,8.73453326843677,3.3463891451671604,2.8434548381084133
1996,387.5833333333333,5.2,397.0,2294.8333333333335,6165.083333333333,30.0,20.425,30.53640601405029,33.085896076352064,45.135007105637136,35.143378552559376,30.603034615130053,43.000477783086474,29.879312446665857,5.959930879436096,1.6486586255873816,5.983936280687191,7.738415498216318,8.72665693267389,3.4011973816621555,3.0167596407460664
1997,331.1666666666667,4.908333333333333,395.0,2276.5833333333335,5646.666666666667,30.2,19.166666666666668,26.091523865800013,31.230116648992578,44.90762671719564,34.86389565972001,28.029651201270767,43.28714763497372,28.038522491771307,5.802621773323762,1.5909344408695407,5.978885764901122,7.730431060005729,8.638820679537936,3.407841924380824,2.953172659135195
1998,294.0833333333333,5.558333333333334,372.25,1654.1666666666667,5540.5,31.0,13.066666666666668,23.169850961854113,35.36585365853659,42.32117479867361,25.332125218545414,27.502647428684888,44.433827042522694,19.114957942216265,5.68386317388727,1.7152983031335778,5.9195656715641185,7.411052636327336,8.61984002837638,3.4339872044851463,2.570064458128307
1999,278.75,5.2250000000000005,376.9166666666667,1572.8333333333333,5403.666666666667,27.600000000000005,18.091666666666665,21.96178845775064,33.24496288441146,42.851729038370436,24.08657588790056,26.82341650671785,39.56043956043957,26.46592709984152,5.630315322774329,1.653454797850875,5.932024119689843,7.360633942793278,8.594833014473464,3.3178157727231046,2.895451427096246
2000,279.0,4.958333333333333,544.75,1813.5,5435.75,28.8,28.233333333333334,21.981485129013198,31.548250265111342,61.93273330175272,27.772176776120162,26.982675888543255,41.28045867176302,41.30196269657442,5.631211781821365,1.6010696627635836,6.300326973824729,7.503013958722957,8.600752784515167,3.3603753871419,3.340503312989899
2001,270.8333333333333,4.391666666666667,529.5833333333334,1578.25,4484.583333333333,30.0,24.34166666666667,21.338060534436345,27.94273594909862,60.208432022738045,24.169527431437356,22.261152293335098,43.000477783086474,35.608923564549556,5.601503625535782,1.4797088057593164,6.272090533835554,7.364071917247735,8.408400867910398,3.4011973816621555,3.192189559605695
2002,310.0,4.591666666666667,539.4166666666666,1559.5833333333333,4060.5833333333335,29.3,24.933333333333334,24.42387236557022,29.215270413573702,61.32638559924206,23.88366365063362,20.15644648884771,41.99713330148113,36.47446056320858,5.736572297479192,1.5242430663708686,6.29048830875751,7.352173970550529,8.309081920435979,3.3775875160230218,3.2162055963123217
2003,363.5833333333333,4.875,691.6666666666666,1779.1666666666667,4895.166666666667,32.0,28.916666666666668,28.645525572844853,31.018027571580063,78.63571766935101,27.24639160785615,24.299258719968233,45.867176301958914,42.301596976715835,5.89600852333561,1.5841201044498106,6.539104143996689,7.48390036886877,8.496003602733634,3.4657359027997265,3.364418130158859
2004,409.1666666666667,6.658333333333334,845.4166666666666,2866.0,8512.75,37.9,37.733333333333334,32.236885299717684,42.364793213149525,96.11558503079108,43.89029977411656,42.25668475742935,54.32393693263259,55.19931732293064,6.014122571000566,1.8958692029842288,6.739829602471914,7.960672608388117,9.049320318602144,3.634951112088381,3.630543877100973
2005,444.8333333333333,7.3,896.5833333333334,3678.8333333333335,7379.916666666667,65.0,53.38333333333333,35.04694373317576,46.4475079533404,101.93273330175272,56.33813601500785,36.633380766430605,93.16770186335404,78.09338047055955,6.097699680176469,1.9878743481543455,6.798591242805909,8.210350951913156,8.906517625751182,4.174387269895637,3.9774985873870574
2006,604.4166666666666,11.558333333333332,1140.9166666666667,6722.083333333333,8780.75,69.33333333333333,64.29166666666667,47.619985555774406,73.54188759278895,129.71103742302225,102.94286552916702,43.58701767158647,99.37888198757764,94.05095696696331,6.404263805575412,2.4474066775327854,7.0395873118457555,8.813153405312244,9.080317104393261,4.238925791033208,4.163430022015215
2007,696.6666666666666,13.375,1305.1666666666667,7118.166666666667,14536.833333333334,123.0,71.125,54.8880572516578,85.10074231177094,148.3846518237802,109.00853762809632,72.15980541399168,176.30195891065458,104.04729976837743,6.546307056290747,2.59338729278207,7.174086025522882,8.870405480612911,9.584440937363238,4.812184355372417,4.264438892446495
2008,871.75,15.0,1574.4166666666667,6956.0,18510.083333333332,156.0,96.99166666666667,68.68229269253496,95.44008483563097,178.99573661771672,106.52509603236386,91.88273545568866,223.60248447204972,141.88711447031574,6.77050268555576,2.70805020110221,7.3616401122853174,8.847359875474174,9.826070907628361,5.049856007249537,4.574625064159931
2009,973.0,14.65,1203.4166666666667,5149.916666666667,13573.916666666666,80.0,61.75833333333333,76.65944455387039,93.21314952279958,136.81667456181904,78.86649906200947,67.37995565556953,114.66794075489727,90.34499573326832,6.880384082186005,2.6844403354630764,7.092920012338565,8.546735812297092,9.515905338057197,4.382026634673881,4.123228919169313
2010,1224.6666666666667,20.150000000000002,1609.8333333333333,7534.666666666667,20405.666666666668,145.86666666666667,79.03333333333333,96.48742695817741,128.20784729586427,183.02226432970156,115.3868732372797,101.29227612681184,209.07787864309606,115.61623796172131,7.1104239771069615,3.003204288392692,7.383885932951241,8.927269872081624,9.923567919036982,4.982692962439661,4.36986970440325
2011,1569.1666666666667,35.225,1719.5833333333333,8828.166666666666,26053.666666666668,167.75833333333333,103.99166666666667,123.62943995798044,224.12513255567342,195.4997631454287,135.1957018338672,129.32854589979485,240.45628284758718,152.12727051078875,7.358299971863198,3.561756057784744,7.449837292398682,9.08570264652178,10.167913792234877,5.1225244517167825,4.644310767725808
2012,1669.5833333333333,31.141666666666666,1550.8333333333333,7962.25,21126.0,128.50833333333333,105.02499999999999,131.5409362484407,198.1442205726405,176.31454287067737,121.93494046631528,104.86795949434114,184.1973244147157,153.6389125929538,7.420329373282245,3.4385466867034378,7.346547699848296,8.982466902213263,9.958259788383108,4.8559937530756105,4.654198417055445
2013,1411.6666666666667,23.858333333333334,1486.5,7332.083333333333,22282.833333333332,135.36666666666667,104.08333333333333,111.22053706256976,151.8027571580064,169.00047370914257,112.28448550900343,110.61039777615991,194.0277114190158,152.2613677922711,7.252526318418045,3.172133562316069,7.304179642438152,8.90001497459786,10.011571855315548,4.907987146024142,4.645191860337578
2014,1265.5833333333333,19.066666666666666,1383.5,6863.25,21898.833333333332,96.95833333333333,96.24166666666667,99.71111548814916,121.3149522799576,157.29038370440549,105.10471037149529,108.70424912303925,138.9751552795031,140.78995489455076,7.143288427942269,2.9479416097176423,7.23237179922698,8.833936369463597,9.994188641935033,4.574281332954346,4.566862389333042
2015,1160.75,15.716666666666667,1053.0833333333333,5510.5,16066.75,55.86666666666667,50.75,91.45164467205042,100.0,119.72524869729983,84.38851950637451,79.75420279303727,80.0764452938366,74.24113129342923,7.056821626900031,2.7547217204113568,6.95947764797068,8.614410642131597,9.684507198079123,4.022967899379873,3.926911617921897
2016,1249.0,17.15833333333333,987.0833333333334,4868.0,17933.833333333332,58.425000000000004,42.80833333333334,98.40456962773291,109.17285259809117,112.22169587873046,74.54919026531732,89.02227149381163,83.74343048256092,62.62343045227357,7.130098510125578,2.8424839642457433,6.894754466804885,8.490438454107418,9.794444338133989,4.0677438804249215,3.756732787685222
2017,1257.5,17.058333333333334,948.5,6170.166666666667,20061.083333333332,71.75833333333334,52.81666666666666,99.07425645065983,108.53658536585367,107.83514921837991,94.4907413315637,99.58178899993382,102.85475394171047,77.26441545775936,7.136880901973894,2.8366388428792435,6.854881789375069,8.72748112896032,9.906537064710436,4.273303991914119,3.96682679746882
2018,1269.25,15.716666666666667,879.5833333333334,6529.916666666667,20145.333333333332,69.76666666666667,68.35833333333333,100.0,100.0,100.0,100.0,100.0,100.0,100.0,7.146181453827504,2.7547217204113568,6.779448310494421,8.784149460575978,9.910727944191622,4.245156340783844,4.224763477220704
2019,1392.5833333333333,16.216666666666665,864.0,6009.916666666667,18661.083333333332,93.85833333333333,61.416666666666664,109.71702448952794,103.1813361611877,98.22832780672667,92.03665182046734,92.63228870209808,134.53177257525084,89.8451785931976,7.238915814415383,2.786039519963904,6.761572768804055,8.701166161653866,9.834195529164855,4.54178655326565,4.1176812424013365
2020,1770.25,20.541666666666668,883.4166666666666,6173.833333333333,17124.583333333332,108.93333333333334,41.25,139.47212921016347,130.6998939554613,100.43581241117954,94.54689314565013,85.00521212522337,156.13951266125179,60.34377666707302,7.478876058531883,3.0224553436947446,6.783796965485097,8.728075209772781,9.748270331934181,4.690736074317738,3.71965111278069
2021,1799.5833333333333,25.166666666666668,1091.1666666666667,9317.083333333334,32384.166666666668,161.70000000000002,69.08333333333333,141.78320530497012,160.12725344644753,124.05495026054002,142.68303577125795,160.75269706797275,231.77257525083616,101.06058758990612,7.495310435606801,3.2255203675868693,6.995002739213036,9.139604911634246,10.385424899208333,5.085742766583062,4.235313505347294
2022,1800.75,21.78333333333333,961.6666666666666,8822.25,31335.333333333332,121.3,97.10000000000001,141.87512310419538,138.6002120890774,109.33207010895309,135.10509322477316,155.54636309484414,173.865265169613,142.045593075704,7.495958523769472,3.0811451514021213,6.86866789027409,9.08503221850866,10.35250160033423,4.798266815950004,4.575741375297279
2023,1942.75,23.40833333333333,966.4166666666666,8490.333333333334,25938.166666666668,120.59166666666665,80.76666666666667,153.06283238132755,148.93955461293743,109.87209853150163,130.0220778723567,128.75521212522338,172.84997611084566,118.15189564793367,7.571859774089352,3.1530920843221977,6.873595073168703,9.046683540411383,10.163470779453988,4.792410182955947,4.39156433915437
2024,2387.5833333333335,28.275000000000002,955.25,9142.0,30066.333333333332,109.40833333333335,78.72500000000001,188.10977611450332,179.90455991516438,108.60255802936996,140.00178664863,149.24713746773446,156.820353559484,115.1651834694624,7.778036975759716,3.341978022002184,6.861973086327009,9.12063445889169,10.311161330846648,4.695087060152065,4.365960766987088
2025,3441.5,39.800000000000004,1278.3333333333333,9947.416666666666,34058.833333333336,100.18333333333334,67.41666666666667,271.1443766003546,253.23435843054085,145.33396494552343,152.33604308375553,169.06562313852675,143.5977066411849,98.62245519931733,8.14366270183842,3.683866912290392,7.1533124251332465,9.205068164951761,10.435844700351494,4.607001840817062,4.210892267270491
