date,gold,silver,platinum,copper,tin,iron_ore,oil,year
1960-02-01,35.0,0.9,84.0,728.0,2180.0,11.4,1.6,1960
1960-03-01,35.0,0.9,84.0,685.0,2174.0,11.4,1.6,1960
1960-04-01,35.0,0.9,84.0,723.0,2178.0,11.4,1.6,1960
1960-05-01,35.0,0.9,84.0,685.0,2163.0,11.4,1.6,1960
1960-06-01,35.0,0.9,84.0,692.0,2185.0,11.4,1.6,1960
1960-07-01,35.0,0.9,84.0,702.0,2249.0,11.4,1.6,1960
1960-08-01,35.0,0.9,84.0,676.0,2205.0,11.4,1.6,1960
1960-09-01,35.0,0.9,84.0,647.0,2227.0,11.4,1.6,1960
1960-10-01,35.0,0.9,84.0,613.0,2227.0,11.4,1.6,1960
1960-11-01,35.0,0.9,84.0,642.0,2205.0,11.4,1.6,1960
1960-12-01,35.0,0.9,84.0,637.0,2189.0,11.4,1.6,1960
1961-01-01,35.0,0.9,84.0,607.0,2163.0,11.0,1.6,1961
1961-02-01,35.0,0.9,84.0,617.0,2187.0,11.0,1.6,1961
1961-03-01,35.0,0.9,84.0,621.0,2249.0,11.0,1.6,1961
1961-04-01,35.0,0.9,84.0,632.0,2308.0,11.0,1.6,1961
1961-05-01,35.0,0.9,84.0,668.0,2377.0,11.0,1.6,1961
1961-06-01,35.0,0.9,84.0,652.0,2467.0,11.0,1.6,1961
1961-07-01,35.0,0.9,84.0,633.0,2520.0,11.0,1.6,1961
1961-08-01,35.0,0.9,84.0,636.0,2606.0,11.0,1.6,1961
1961-09-01,35.0,0.9,84.0,633.0,2630.0,11.0,1.6,1961
1961-10-01,35.0,0.9,84.0,630.0,2606.0,11.0,1.6,1961
1961-11-01,35.0,0.9,84.0,632.0,2668.0,11.0,1.6,1961
1961-12-01,35.0,1.0,84.0,635.0,2619.0,11.0,1.6,1961
1962-01-01,35.0,1.0,84.0,635.0,2610.0,11.0,1.5,1962
1962-02-01,35.0,1.0,84.0,648.0,2624.0,11.0,1.5,1962
1962-03-01,35.0,1.0,84.0,648.0,2652.0,11.0,1.5,1962
1962-04-01,35.0,1.0,84.0,646.0,2615.0,11.0,1.5,1962
1962-05-01,35.0,1.0,84.0,646.0,2533.0,11.0,1.5,1962
1962-06-01,35.0,1.0,84.0,646.0,2414.0,11.0,1.5,1962
1962-07-01,35.0,1.0,84.0,646.0,2377.0,11.0,1.5,1962
1962-08-01,35.0,1.1,84.0,646.0,2350.0,11.0,1.5,1962
1962-09-01,35.0,1.2,84.0,646.0,2350.0,11.0,1.5,1962
1962-10-01,35.0,1.2,84.0,646.0,2359.0,11.0,1.5,1962
1962-11-01,35.0,1.2,84.0,646.0,2407.0,11.0,1.5,1962
1962-12-01,35.0,1.2,84.0,646.0,2366.0,11.0,1.5,1962
1963-01-01,35.0,1.2,84.0,646.0,2350.0,11.0,1.5,1963
1963-02-01,35.0,1.3,84.0,646.0,2350.0,11.0,1.5,1963
1963-03-01,35.0,1.3,84.0,646.0,2359.0,11.0,1.5,1963
1963-04-01,35.0,1.3,79.0,646.0,2427.0,11.0,1.5,1963
1963-05-01,35.0,1.3,79.0,646.0,2496.0,11.0,1.5,1963
1963-06-01,35.0,1.3,79.0,646.0,2500.0,11.0,1.5,1963
1963-07-01,35.0,1.3,79.0,646.0,2482.0,11.0,1.5,1963
1963-08-01,35.0,1.3,79.0,646.0,2496.0,11.0,1.5,1963
1963-09-01,35.0,1.3,81.0,646.0,2573.0,11.0,1.5,1963
1963-10-01,35.0,1.3,81.0,646.0,2590.0,11.0,1.5,1963
1963-11-01,35.0,1.3,83.0,646.0,2687.0,11.0,1.5,1963
1963-12-01,35.0,1.3,84.0,650.0,2782.0,11.0,1.5,1963
1964-01-01,35.0,1.3,88.0,656.0,2873.0,10.2,1.5,1964
1964-02-01,35.0,1.3,89.0,694.0,3060.0,10.2,1.5,1964
1964-03-01,35.0,1.3,89.0,745.0,2959.0,10.2,1.5,1964
1964-04-01,35.0,1.3,89.0,862.0,2879.0,10.2,1.5,1964
1964-05-01,35.0,1.3,89.0,828.0,2910.0,10.2,1.5,1964
1964-06-01,35.0,1.3,89.0,808.0,3265.0,10.2,1.5,1964
1964-07-01,35.0,1.3,89.0,855.0,3452.0,10.2,1.5,1964
1964-08-01,35.0,1.3,89.0,999.0,3512.0,10.2,1.5,1964
1964-09-01,35.0,1.3,89.0,1162.0,3933.0,10.2,1.5,1964
1964-10-01,35.0,1.3,89.0,1358.0,4372.0,10.2,1.5,1964
1964-11-01,35.0,1.3,89.0,1400.0,4105.0,10.2,1.5,1964
1964-12-01,35.0,1.3,89.0,1269.0,3633.0,10.2,1.5,1964
1965-01-01,35.0,1.3,93.0,1001.0,3457.0,10.2,1.4,1965
1965-02-01,35.0,1.3,99.0,1180.0,3391.0,10.2,1.4,1965
1965-03-01,35.0,1.3,99.0,1237.0,3585.0,10.2,1.4,1965
1965-04-01,35.0,1.3,99.0,1348.0,3944.0,10.2,1.4,1965
1965-05-01,35.0,1.3,99.0,1379.0,4215.0,15.3,1.4,1965
1965-06-01,35.0,1.3,99.0,1309.0,4132.0,10.2,1.4,1965
1965-07-01,35.0,1.3,99.0,1134.0,3966.0,10.2,1.4,1965
1965-08-01,35.0,1.3,99.0,1210.0,4092.0,10.2,1.4,1965
1965-09-01,35.0,1.3,99.0,1328.0,4209.0,10.2,1.4,1965
1965-10-01,35.0,1.3,99.0,1402.0,4010.0,10.2,1.4,1965
1965-11-01,35.0,1.3,99.0,1469.0,3821.0,10.2,1.4,1965
1965-12-01,35.0,1.3,99.0,1518.0,3869.0,10.2,1.4,1965
1966-01-01,35.0,1.3,99.0,1679.0,3926.0,9.5,1.4,1966
1966-02-01,35.0,1.3,99.0,1874.0,3878.0,9.5,1.4,1966
1966-03-01,35.0,1.3,100.0,1875.0,3772.0,9.5,1.4,1966
1966-04-01,35.0,1.3,100.0,1907.0,3763.0,9.5,1.4,1966
1966-05-01,35.0,1.3,100.0,1664.0,3688.0,9.5,1.4,1966
1966-06-01,35.0,1.3,100.0,1696.0,3516.0,9.5,1.4,1966
1966-07-01,35.0,1.3,100.0,1568.0,3514.0,9.5,1.4,1966
1966-08-01,35.0,1.3,100.0,1195.0,3428.0,9.5,1.4,1966
1966-09-01,35.0,1.3,100.0,1128.0,3378.0,9.5,1.4,1966
1966-10-01,35.0,1.3,100.0,1275.0,3362.0,9.5,1.4,1966
1966-11-01,35.0,1.3,100.0,1302.0,3320.0,9.5,1.4,1966
1966-12-01,35.0,1.3,100.0,1215.0,3336.0,9.5,1.4,1966
1967-01-01,35.0,1.3,103.0,1244.0,3303.0,8.9,1.3,1967
1967-02-01,35.0,1.3,111.0,1220.0,3309.0,8.9,1.3,1967
1967-03-01,35.0,1.3,111.0,1098.0,3318.0,8.9,1.3,1967
1967-04-01,35.0,1.3,111.0,995.0,3351.0,8.9,1.3,1967
1967-05-01,35.0,1.3,111.0,1036.0,3358.0,8.9,1.3,1967
1967-06-01,35.0,1.3,111.0,1015.0,3367.0,8.9,1.3,1967
1967-07-01,35.0,1.6,111.0,997.0,3362.0,8.9,1.3,1967
1967-08-01,35.0,1.7,111.0,1045.0,3292.0,8.9,1.3,1967
1967-09-01,35.0,1.7,111.0,1060.0,3267.0,8.9,1.3,1967
1967-10-01,35.0,1.8,111.0,1138.0,3281.0,8.9,1.3,1967
1967-11-01,35.0,2.0,111.0,1444.0,3298.0,8.9,1.3,1967
1967-12-01,35.0,2.1,115.0,1324.0,3192.0,8.9,1.3,1967
1968-01-01,36.0,2.0,114.0,1409.0,3126.0,8.8,1.3,1968
1968-02-01,36.0,1.9,112.0,1720.0,3111.0,8.8,1.3,1968
1968-03-01,37.0,2.2,112.0,1701.0,3113.0,8.8,1.3,1968
1968-04-01,38.0,2.2,112.0,1255.0,3106.0,8.8,1.3,1968
1968-05-01,41.0,2.4,112.0,1097.0,3084.0,8.8,1.3,1968
1968-06-01,41.0,2.5,112.0,1137.0,3084.0,8.8,1.3,1968
1968-07-01,39.0,2.3,123.0,1054.0,3075.0,8.8,1.3,1968
1968-08-01,39.0,2.2,123.0,1056.0,3062.0,8.8,1.3,1968
1968-09-01,40.0,2.2,123.0,1110.0,3071.0,8.8,1.3,1968
1968-10-01,39.0,2.0,123.0,1080.0,3111.0,8.8,1.3,1968
1968-11-01,40.0,2.0,123.0,1100.0,3320.0,8.8,1.3,1968
1968-12-01,41.0,2.0,123.0,1185.0,3258.0,8.8,1.3,1968
1969-01-01,42.0,2.0,123.0,1256.0,3228.0,9.8,1.3,1969
1969-02-01,43.0,1.8,123.0,1285.0,3245.0,9.8,1.3,1969
1969-03-01,43.0,1.8,123.0,1278.0,3243.0,9.8,1.3,1969
1969-04-01,43.0,1.8,123.0,1388.0,3305.0,9.8,1.3,1969
1969-05-01,43.0,1.8,123.0,1392.0,3355.0,9.8,1.3,1969
1969-06-01,41.0,1.6,123.0,1483.0,3380.0,9.8,1.3,1969
1969-07-01,42.0,1.6,123.0,1454.0,3439.0,9.8,1.3,1969
1969-08-01,41.0,1.7,123.0,1607.0,3470.0,9.8,1.3,1969
1969-09-01,41.0,1.8,123.0,1579.0,3470.0,9.8,1.3,1969
1969-10-01,40.0,1.9,123.0,1554.0,3534.0,9.8,1.3,1969
1969-11-01,37.0,1.9,133.0,1631.0,3642.0,9.8,1.3,1969
1969-12-01,35.0,1.8,133.0,1700.0,3818.0,9.8,1.3,1969
1970-01-01,35.0,1.9,133.0,1626.0,3843.0,9.8,1.2,1970
1970-02-01,35.0,1.9,133.0,1657.0,3768.0,9.8,1.2,1970
1970-03-01,35.0,1.9,133.0,1754.0,3796.0,9.8,1.2,1970
1970-04-01,36.0,1.9,133.0,1742.0,3849.0,9.8,1.2,1970
1970-05-01,36.0,1.7,133.0,1598.0,3737.0,9.8,1.2,1970
1970-06-01,35.0,1.6,133.0,1458.0,3543.0,9.8,1.2,1970
1970-07-01,35.0,1.7,133.0,1367.0,3499.0,9.8,1.2,1970
1970-08-01,35.0,1.8,133.0,1267.0,3620.0,9.8,1.2,1970
1970-09-01,36.0,1.8,133.0,1247.0,3646.0,9.8,1.2,1970
1970-10-01,38.0,1.7,133.0,1142.0,3669.0,9.8,1.2,1970
1970-11-01,37.0,1.8,133.0,1085.0,3616.0,9.8,1.2,1970
1970-12-01,37.0,1.6,133.0,1046.0,3497.0,9.8,1.2,1970
1971-01-01,38.0,1.6,129.0,1010.0,3466.0,10.3,1.6,1971
1971-02-01,39.0,1.6,123.0,1020.0,3464.0,10.3,1.6,1971
1971-03-01,39.0,1.7,123.0,1144.0,3527.0,10.3,1.6,1971
1971-04-01,39.0,1.7,123.0,1252.0,3563.0,10.3,1.6,1971
1971-05-01,41.0,1.7,123.0,1114.0,3521.0,10.3,1.6,1971
1971-06-01,40.0,1.6,123.0,1074.0,3448.0,10.3,1.6,1971
1971-07-01,41.0,1.6,123.0,1115.0,3457.0,10.3,1.7,1971
1971-08-01,43.0,1.6,123.0,1098.0,3479.0,10.3,1.7,1971
1971-09-01,42.0,1.4,123.0,1056.0,3525.0,10.3,1.7,1971
1971-10-01,43.0,1.3,123.0,1041.0,3490.0,10.3,1.7,1971
1971-11-01,43.0,1.3,123.0,1014.0,3534.0,10.3,1.7,1971
1971-12-01,43.0,1.4,123.0,1038.0,3671.0,10.3,1.7,1971
1972-01-01,46.0,1.5,123.0,1078.0,3627.0,10.3,1.8,1972
1972-02-01,48.0,1.5,123.0,1112.0,3631.0,10.3,1.8,1972
1972-03-01,48.0,1.5,123.0,1108.0,3790.0,10.3,1.8,1972
1972-04-01,49.0,1.6,123.0,1133.0,3845.0,10.3,1.8,1972
1972-05-01,55.0,1.6,123.0,1106.0,3766.0,10.3,1.8,1972
1972-06-01,62.0,1.6,123.0,1063.0,3741.0,10.3,1.8,1972
1972-07-01,66.0,1.7,128.0,1035.0,3732.0,10.3,1.9,1972
1972-08-01,67.0,1.8,133.0,1047.0,3755.0,10.3,1.9,1972
1972-09-01,65.0,1.8,133.0,1061.0,3803.0,10.3,1.9,1972
1972-10-01,65.0,1.8,133.0,918.0,3759.0,10.3,1.9,1972
1972-11-01,63.0,1.8,133.0,1007.0,3702.0,10.3,1.9,1972
1972-12-01,64.0,2.0,133.0,1024.0,3730.0,10.3,1.9,1972
1973-01-01,65.0,2.0,133.0,1119.0,3790.0,10.3,2.1,1973
1973-02-01,74.0,2.2,142.0,1244.0,4028.0,10.3,2.1,1973
1973-03-01,84.0,2.3,153.0,1510.0,4288.0,10.3,2.1,1973
1973-04-01,91.0,2.2,153.0,1588.0,4270.0,10.3,2.4,1973
1973-05-01,102.0,2.4,153.0,1552.0,4348.0,10.3,2.4,1973
1973-06-01,120.0,2.6,153.0,1749.0,4531.0,10.3,2.4,1973
1973-07-01,120.0,2.7,153.0,2021.0,4963.0,10.3,2.7,1973
1973-08-01,107.0,2.6,153.0,2123.0,5005.0,10.3,2.7,1973
1973-09-01,103.0,2.7,155.0,1936.0,5011.0,10.3,2.7,1973
1973-10-01,100.0,2.9,161.0,2065.0,5359.0,10.3,4.1,1973
1973-11-01,95.0,2.9,161.0,2273.0,5573.0,10.3,4.1,1973
1973-12-01,107.0,3.1,161.0,2244.0,6462.0,10.3,4.1,1973
1974-01-01,129.0,3.6,163.0,2032.0,6504.0,13.4,13.0,1974
1974-02-01,150.0,5.4,173.0,2292.0,7419.0,13.4,13.0,1974
1974-03-01,168.0,5.3,173.0,2743.0,8219.0,13.4,13.0,1974
1974-04-01,172.0,5.0,173.0,3032.0,9207.0,13.4,10.6,1974
1974-05-01,163.0,5.4,175.0,2876.0,9306.0,13.4,10.6,1974
1974-06-01,154.0,4.9,195.0,2440.0,9041.0,13.4,10.6,1974
1974-07-01,143.0,4.4,195.0,1919.0,8547.0,13.4,10.0,1974
1974-08-01,155.0,4.4,195.0,1803.0,8788.0,13.4,10.0,1974
1974-09-01,152.0,4.0,195.0,1461.0,9167.0,13.4,10.0,1974
1974-10-01,159.0,4.8,195.0,1399.0,7410.0,13.4,10.3,1974
1974-11-01,182.0,4.7,195.0,1417.0,7403.0,13.4,10.3,1974
1974-12-01,184.0,4.4,195.0,1289.0,7203.0,13.4,10.3,1974
1975-01-01,176.0,4.2,195.0,1211.0,7677.0,17.3,10.4,1975
1975-02-01,180.0,4.4,181.0,1267.0,7557.0,17.3,10.4,1975
1975-03-01,178.0,4.3,175.0,1344.0,7383.0,17.3,10.4,1975
1975-04-01,170.0,4.2,163.0,1329.0,7130.0,17.3,10.4,1975
1975-05-01,167.0,4.5,160.0,1254.0,6898.0,17.3,10.4,1975
1975-06-01,164.0,4.5,160.0,1193.0,6927.0,17.3,10.4,1975
1975-07-01,165.0,4.7,163.0,1222.0,6810.0,17.3,10.4,1975
1975-08-01,163.0,4.9,175.0,1277.0,6775.0,17.3,10.4,1975
1975-09-01,144.0,4.5,175.0,1210.0,6559.0,17.3,10.4,1975
1975-10-01,143.0,4.3,172.0,1179.0,6347.0,17.3,10.5,1975
1975-11-01,142.0,4.3,160.0,1180.0,6281.0,17.3,10.5,1975
1975-12-01,139.0,4.1,160.0,1151.0,6175.0,17.3,10.5,1975
1976-01-01,131.0,4.1,160.0,1193.0,6241.0,22.7,11.5,1976
1976-02-01,131.0,4.1,160.0,1219.0,6508.0,22.7,11.5,1976
1976-03-01,133.0,4.2,160.0,1329.0,6903.0,22.7,11.5,1976
1976-04-01,128.0,4.4,160.0,1510.0,7123.0,22.7,11.5,1976
1976-05-01,127.0,4.5,160.0,1512.0,7449.0,22.7,11.5,1976
1976-06-01,126.0,4.8,164.0,1550.0,7767.0,22.7,11.5,1976
1976-07-01,118.0,4.8,171.0,1647.0,8497.0,22.7,11.6,1976
1976-08-01,110.0,4.3,156.0,1539.0,8084.0,22.7,11.6,1976
1976-09-01,114.0,4.3,158.0,1459.0,7961.0,22.7,11.6,1976
1976-10-01,116.0,4.2,158.0,1285.0,7972.0,22.7,11.9,1976
1976-11-01,130.0,4.4,157.0,1279.0,8122.0,22.7,11.9,1976
1976-12-01,134.0,4.4,152.0,1287.0,8400.0,22.7,11.9,1976
1977-01-01,132.0,4.4,155.0,1396.0,9487.0,23.1,12.5,1977
1977-02-01,136.0,4.5,161.0,1426.0,10227.0,23.1,12.5,1977
1977-03-01,148.0,4.9,163.0,1515.0,10373.0,23.1,12.5,1977
1977-04-01,149.0,4.8,161.0,1429.0,9597.0,23.1,12.4,1977
1977-05-01,147.0,4.7,157.0,1371.0,9844.0,23.1,12.4,1977
1977-06-01,141.0,4.5,150.0,1312.0,9628.0,23.1,12.4,1977
1977-07-01,143.0,4.5,150.0,1248.0,10417.0,23.1,12.6,1977
1977-08-01,145.0,4.5,149.0,1160.0,11310.0,23.1,12.6,1977
1977-09-01,150.0,4.5,150.0,1195.0,11158.0,23.1,12.6,1977
1977-10-01,159.0,4.8,158.0,1210.0,12154.0,23.1,12.7,1977
1977-11-01,162.0,4.8,170.0,1182.0,12677.0,23.1,12.7,1977
1977-12-01,160.0,4.7,177.0,1261.0,12785.0,23.1,12.7,1977
1978-01-01,173.0,4.9,202.0,1261.0,12121.0,21.5,12.7,1978
1978-02-01,178.0,5.0,224.0,1217.0,12150.0,21.5,12.7,1978
1978-03-01,184.0,5.3,227.0,1254.0,11422.0,21.5,12.7,1978
1978-04-01,175.0,5.2,214.0,1285.0,11006.0,21.5,12.7,1978
1978-05-01,176.0,5.1,233.0,1303.0,11704.0,21.5,12.7,1978
1978-06-01,184.0,5.3,245.0,1333.0,12357.0,21.5,12.7,1978
1978-07-01,189.0,5.4,246.0,1337.0,12414.0,21.5,12.8,1978
1978-08-01,206.0,5.5,267.0,1426.0,12995.0,21.5,12.8,1978
1978-09-01,212.0,5.6,269.0,1442.0,13889.0,21.5,12.8,1978
1978-10-01,227.0,5.9,332.0,1506.0,15256.0,21.5,12.9,1978
1978-11-01,206.0,5.9,329.0,1481.0,15036.0,21.5,13.2,1978
1978-12-01,208.0,5.9,340.0,1533.0,14154.0,21.5,14.5,1978
1979-01-01,227.0,6.2,358.0,1659.0,13854.0,23.5,17.5,1979
1979-02-01,246.0,7.3,410.0,1944.0,14526.0,23.5,20.8,1979
1979-03-01,242.0,7.4,398.0,2050.0,15022.0,23.5,22.0,1979
1979-04-01,239.0,7.4,391.0,2100.0,15137.0,23.5,22.4,1979
1979-05-01,258.0,8.4,430.0,1926.0,15362.0,23.5,33.5,1979
1979-06-01,279.0,8.6,430.0,1878.0,16136.0,23.5,34.7,1979
1979-07-01,295.0,9.1,412.0,1814.0,15781.0,23.5,33.5,1979
1979-08-01,301.0,9.3,394.0,1976.0,14793.0,23.5,34.0,1979
1979-09-01,355.0,13.8,463.0,2096.0,15399.0,23.5,35.5,1979
1979-10-01,392.0,16.6,520.0,2076.0,16012.0,23.5,37.3,1979
1979-11-01,392.0,16.7,506.0,2090.0,16361.0,23.5,40.8,1979
1979-12-01,455.0,22.5,601.0,2214.0,16987.0,23.5,39.8,1979
1980-01-01,675.0,38.9,807.0,2601.0,17013.0,28.1,39.0,1980
1980-02-01,665.0,35.2,882.0,2918.0,17100.0,28.1,37.3,1980
1980-03-01,554.0,24.7,747.0,2306.0,17470.0,28.1,37.0,1980
1980-04-01,517.0,14.9,589.0,2070.0,17017.0,28.1,36.6,1980
1980-05-01,514.0,12.7,560.0,2037.0,17042.0,28.1,37.0,1980
1980-06-01,601.0,15.8,642.0,2006.0,17224.0,28.1,37.0,1980
1980-07-01,643.0,16.3,670.0,2176.0,17091.0,28.1,35.4,1980
1980-08-01,627.0,15.9,644.0,2082.0,17018.0,28.1,32.9,1980
1980-09-01,674.0,19.9,696.0,2060.0,17308.0,28.1,32.8,1980
1980-10-01,661.0,20.2,676.0,2040.0,16692.0,28.1,37.4,1980
1980-11-01,625.0,18.6,633.0,2010.0,15616.0,28.1,40.3,1980
1980-12-01,538.0,16.5,604.0,1879.0,14707.0,28.1,39.8,1980
1981-01-01,557.0,14.8,536.0,1869.0,14333.0,28.1,39.8,1981
1981-02-01,500.0,13.1,480.0,1801.0,13633.0,28.1,37.9,1981
1981-03-01,499.0,12.3,491.0,1818.0,13633.0,28.1,37.6,1981
1981-04-01,496.0,11.5,481.0,1821.0,13365.0,28.1,36.4,1981
1981-05-01,480.0,10.9,462.0,1742.0,12664.0,28.1,34.3,1981
1981-06-01,461.0,10.0,443.0,1700.0,12604.0,28.1,32.7,1981
1981-07-01,409.0,8.6,407.0,1682.0,13358.0,28.1,33.5,1981
1981-08-01,410.0,8.9,418.0,1787.0,14485.0,28.1,34.0,1981
1981-09-01,444.0,10.1,436.0,1710.0,14935.0,28.1,34.0,1981
1981-10-01,438.0,9.2,420.0,1666.0,15113.0,28.1,34.6,1981
1981-11-01,413.0,8.5,397.0,1651.0,15836.0,28.1,35.7,1981
1981-12-01,410.0,8.4,399.0,1655.0,15952.0,28.1,35.4,1981
1982-01-01,384.0,8.0,370.0,1611.0,16133.0,32.5,35.0,1982
1982-02-01,374.0,8.3,360.0,1598.0,15993.0,32.5,32.3,1982
1982-03-01,330.0,7.2,318.0,1510.0,12766.0,32.5,30.2,1982
1982-04-01,350.0,7.3,338.0,1522.0,12618.0,32.5,31.6,1982
1982-05-01,334.0,6.7,310.0,1528.0,12736.0,32.5,33.0,1982
1982-06-01,315.0,5.6,276.0,1300.0,11087.0,32.5,32.8,1982
1982-07-01,339.0,6.5,288.0,1441.0,11317.0,32.5,32.9,1982
1982-08-01,364.0,7.1,297.0,1452.0,12196.0,32.5,32.4,1982
1982-09-01,437.0,8.8,334.0,1427.0,12676.0,32.5,33.5,1982
1982-10-01,422.0,9.4,335.0,1461.0,12414.0,32.5,33.8,1982
1982-11-01,415.0,9.8,346.0,1444.0,11982.0,32.5,32.8,1982
1982-12-01,445.0,10.6,369.0,1473.0,11993.0,32.5,31.5,1982
1983-01-01,481.0,12.3,453.0,1572.0,12083.0,29.0,30.7,1983
1983-02-01,491.0,14.0,465.0,1647.0,13034.0,29.0,29.1,1983
1983-03-01,420.0,10.6,401.0,1598.0,13426.0,29.0,28.3,1983
1983-04-01,433.0,11.6,414.0,1675.0,13793.0,29.0,29.7,1983
1983-05-01,438.0,12.9,449.0,1766.0,13523.0,29.0,29.4,1983
1983-06-01,413.0,11.7,422.0,1701.0,13354.0,29.0,30.0,1983
1983-07-01,403.0,12.0,433.0,1704.0,13193.0,29.0,30.5,1983
1983-08-01,416.0,12.1,436.0,1640.0,12826.0,29.0,30.7,1983
1983-09-01,412.0,12.0,431.0,1561.0,12755.0,29.0,30.1,1983
1983-10-01,394.0,9.9,396.0,1435.0,12751.0,29.0,29.6,1983
1983-11-01,382.0,8.8,388.0,1389.0,12773.0,29.0,29.2,1983
1983-12-01,388.0,9.1,393.0,1415.0,12346.0,29.0,28.8,1983
1984-01-01,371.0,8.3,376.0,1376.0,12118.0,26.2,29.0,1984
1984-02-01,386.0,9.1,391.0,1430.0,12298.0,26.2,29.2,1984
1984-03-01,394.0,9.6,398.0,1501.0,12406.0,26.2,29.5,1984
1984-04-01,381.0,9.2,392.0,1533.0,12445.0,26.2,29.6,1984
1984-05-01,377.0,9.0,388.0,1421.0,12583.0,26.2,29.5,1984
1984-06-01,378.0,8.8,382.0,1367.0,12662.0,26.2,29.1,1984
1984-07-01,348.0,7.5,343.0,1331.0,12439.0,26.2,28.0,1984
1984-08-01,348.0,7.6,340.0,1338.0,12302.0,26.2,28.2,1984
1984-09-01,340.0,7.3,327.0,1294.0,12091.0,26.2,28.4,1984
1984-10-01,341.0,7.3,324.0,1273.0,11745.0,26.2,27.9,1984
1984-11-01,342.0,7.5,328.0,1345.0,11991.0,26.2,27.7,1984
1984-12-01,320.0,6.6,304.0,1321.0,11722.0,26.2,26.8,1984
1985-01-01,303.0,6.1,274.0,1359.0,11073.0,26.6,26.6,1985
1985-02-01,299.0,6.1,269.0,1389.0,10946.0,26.6,27.6,1985
1985-03-01,314.0,6.0,261.0,1390.0,11211.0,26.6,27.9,1985
1985-04-01,327.0,6.4,283.0,1502.0,11806.0,26.6,27.8,1985
1985-05-01,316.0,6.3,272.0,1531.0,11910.0,26.6,26.7,1985
1985-06-01,317.0,6.2,268.0,1432.0,12386.0,26.6,26.4,1985
1985-07-01,317.0,6.0,269.0,1475.0,12756.0,26.6,26.4,1985
1985-08-01,330.0,6.2,308.0,1420.0,12647.0,26.6,27.0,1985
1985-09-01,323.0,6.1,311.0,1366.0,12325.0,26.6,27.0,1985
1985-10-01,326.0,6.2,323.0,1385.0,12391.0,26.6,27.8,1985
1985-11-01,322.0,6.1,334.0,1370.0,9903.0,26.6,28.6,1985
1985-12-01,322.0,5.9,337.0,1391.0,9114.0,26.6,26.5,1985
1986-01-01,347.0,6.0,364.0,1418.0,7910.0,26.3,24.7,1986
1986-02-01,339.0,5.9,376.0,1406.0,7923.0,26.3,15.9,1986
1986-03-01,346.0,5.6,414.0,1445.0,7314.0,26.3,12.7,1986
1986-04-01,340.0,5.2,418.0,1435.0,5686.0,26.3,11.9,1986
1986-05-01,342.0,5.1,414.0,1419.0,5474.0,26.3,13.7,1986
1986-06-01,343.0,5.1,432.0,1413.0,5378.0,26.3,11.9,1986
1986-07-01,348.0,5.0,439.0,1344.0,5387.0,26.3,9.6,1986
1986-08-01,377.0,5.2,540.0,1303.0,5404.0,26.3,13.7,1986
1986-09-01,418.0,5.6,604.0,1347.0,5397.0,26.3,14.1,1986
1986-10-01,424.0,5.6,581.0,1317.0,5543.0,26.3,14.0,1986
1986-11-01,398.0,5.6,517.0,1303.0,6092.0,26.3,14.5,1986
1986-12-01,391.0,5.4,481.0,1336.0,6428.0,26.3,15.7,1986
1987-01-01,408.0,5.5,516.0,1346.0,6713.0,25.3,18.1,1987
1987-02-01,401.0,5.5,518.0,1380.0,6688.0,25.3,17.3,1987
1987-03-01,409.0,5.7,533.0,1466.0,6632.0,25.3,17.8,1987
1987-04-01,438.0,7.3,586.0,1484.0,6700.0,25.3,17.9,1987
1987-05-01,460.0,8.5,607.0,1520.0,6747.0,25.3,18.4,1987
1987-06-01,450.0,7.4,569.0,1572.0,6610.0,25.3,18.7,1987
1987-07-01,451.0,7.6,572.0,1695.0,6405.0,25.3,19.6,1987
1987-08-01,461.0,7.8,610.0,1756.0,6556.0,25.3,18.8,1987
1987-09-01,460.0,7.6,590.0,1811.0,6406.0,25.3,18.3,1987
1987-10-01,465.0,7.6,568.0,1967.0,6764.0,25.3,18.6,1987
1987-11-01,468.0,6.8,500.0,2524.0,6927.0,25.3,17.8,1987
1987-12-01,486.0,6.8,500.0,2869.0,6829.0,25.3,16.6,1987
1988-01-01,477.0,6.7,494.0,2663.0,6808.0,24.3,16.5,1988
1988-02-01,442.0,6.3,459.0,2330.0,6690.0,24.3,15.9,1988
1988-03-01,444.0,6.4,496.0,2359.0,6773.0,24.3,14.8,1988
1988-04-01,452.0,6.5,527.0,2286.0,6753.0,24.3,16.5,1988
1988-05-01,451.0,6.5,549.0,2448.0,6778.0,24.3,16.2,1988
1988-06-01,451.0,7.0,580.0,2540.0,7036.0,24.3,15.3,1988
1988-07-01,438.0,7.0,549.0,2214.0,7149.0,24.3,14.5,1988
1988-08-01,431.0,6.7,533.0,2201.0,7323.0,24.3,14.6,1988
1988-09-01,413.0,6.4,513.0,2436.0,7409.0,24.3,13.1,1988
1988-10-01,407.0,6.3,526.0,2940.0,7253.0,24.3,12.2,1988
1988-11-01,420.0,6.3,576.0,3305.0,7312.0,24.3,12.5,1988
1988-12-01,419.0,6.1,564.0,3499.0,7337.0,24.3,14.7,1988
1989-01-01,404.0,6.0,527.0,3394.0,7410.0,27.8,16.5,1989
1989-02-01,388.0,5.9,532.0,3097.0,7874.0,27.8,16.4,1989
1989-03-01,390.0,6.0,538.0,3264.0,8761.0,27.8,18.0,1989
1989-04-01,384.0,5.8,538.0,3118.0,10196.0,27.8,19.2,1989
1989-05-01,371.0,5.5,517.0,2739.0,10144.0,27.8,18.0,1989
1989-06-01,368.0,5.3,497.0,2546.0,9936.0,27.8,17.6,1989
1989-07-01,375.0,5.2,502.0,2505.0,9605.0,27.8,17.7,1989
1989-08-01,365.0,5.2,485.0,2762.0,8716.0,27.8,16.9,1989
1989-09-01,362.0,5.1,478.0,2884.0,8270.0,27.8,17.7,1989
1989-10-01,367.0,5.1,486.0,2861.0,7922.0,27.8,18.4,1989
1989-11-01,394.0,5.5,510.0,2591.0,6837.0,27.8,18.4,1989
1989-12-01,409.0,5.6,507.0,2419.0,6744.0,27.8,19.4,1989
1990-01-01,410.0,5.2,498.0,2367.0,6592.0,32.5,20.4,1990
1990-02-01,417.0,5.3,516.0,2360.0,6156.0,32.5,19.6,1990
1990-03-01,393.0,5.1,497.0,2626.0,6271.0,32.5,18.2,1990
1990-04-01,374.0,5.1,478.0,2686.0,6391.0,32.5,16.6,1990
1990-05-01,369.0,5.1,489.0,2742.0,6325.0,32.5,16.6,1990
1990-06-01,352.0,4.9,481.0,2585.0,6096.0,32.5,15.3,1990
1990-07-01,363.0,4.9,479.0,2769.0,5924.0,32.5,17.2,1990
1990-08-01,395.0,5.0,493.0,2957.0,5905.0,32.5,26.4,1990
1990-09-01,389.0,4.8,462.0,3031.0,5707.0,32.5,32.7,1990
1990-10-01,381.0,4.4,425.0,2744.0,6061.0,32.5,34.5,1990
1990-11-01,382.0,4.2,422.0,2586.0,5981.0,32.5,31.1,1990
1990-12-01,377.0,4.1,420.0,2485.0,5615.0,32.5,26.1,1990
1991-01-01,384.0,4.1,408.0,2449.0,5623.0,34.8,22.6,1991
1991-02-01,364.0,3.7,387.0,2449.0,5584.0,34.8,18.1,1991
1991-03-01,363.0,3.9,400.0,2410.0,5517.0,34.8,18.1,1991
1991-04-01,358.0,4.0,397.0,2472.0,5560.0,34.8,18.5,1991
1991-05-01,357.0,4.0,390.0,2306.0,5702.0,34.8,18.8,1991
1991-06-01,367.0,4.4,376.0,2219.0,5711.0,34.8,17.9,1991
1991-07-01,368.0,4.3,376.0,2236.0,5670.0,34.8,19.1,1991
1991-08-01,356.0,4.0,346.0,2233.0,5639.0,34.8,19.4,1991
1991-09-01,349.0,4.0,349.0,2325.0,5570.0,34.8,20.1,1991
1991-10-01,359.0,4.1,362.0,2364.0,5550.0,34.8,21.5,1991
1991-11-01,360.0,4.1,365.0,2380.0,5506.0,34.8,20.8,1991
1991-12-01,362.0,3.9,353.0,2223.0,5510.0,34.8,17.8,1991
1992-01-01,354.0,4.1,341.0,2139.0,5477.0,33.1,17.4,1992
1992-02-01,354.0,4.1,362.0,2206.0,5616.0,33.1,17.6,1992
1992-03-01,344.0,4.1,357.0,2227.0,5632.0,33.1,17.5,1992
1992-04-01,339.0,4.1,347.0,2215.0,5839.0,33.1,18.6,1992
1992-05-01,337.0,4.1,359.0,2217.0,6121.0,33.1,19.5,1992
1992-06-01,341.0,4.1,369.0,2299.0,6619.0,33.1,20.8,1992
1992-07-01,353.0,4.0,383.0,2520.0,6989.0,33.1,20.2,1992
1992-08-01,343.0,3.8,360.0,2522.0,6780.0,33.1,19.6,1992
1992-09-01,345.0,3.8,362.0,2414.0,6643.0,33.1,20.2,1992
1992-10-01,344.0,3.8,358.0,2249.0,6017.0,33.1,20.1,1992
1992-11-01,335.0,3.8,356.0,2158.0,5723.0,33.1,18.9,1992
1992-12-01,335.0,3.7,362.0,2207.0,5756.0,33.1,17.9,1992
1993-01-01,329.0,3.7,359.0,2257.0,5901.0,29.1,17.2,1993
1993-02-01,329.0,3.7,359.0,2213.0,5791.0,29.1,18.2,1993
1993-03-01,330.0,3.6,350.0,2153.0,5659.0,29.1,18.5,1993
1993-04-01,342.0,4.0,368.0,1950.0,5591.0,29.1,18.4,1993
1993-05-01,367.0,4.5,385.0,1795.0,5504.0,29.1,18.2,1993
1993-06-01,372.0,4.4,383.0,1853.0,5113.0,29.1,17.5,1993
1993-07-01,392.0,5.0,404.0,1927.0,4973.0,29.1,16.3,1993
1993-08-01,379.0,4.8,392.0,1947.0,4809.0,29.1,16.5,1993
1993-09-01,355.0,4.2,362.0,1862.0,4494.0,29.1,15.9,1993
1993-10-01,364.0,4.3,368.0,1646.0,4681.0,29.1,16.5,1993
1993-11-01,374.0,4.5,374.0,1630.0,4641.0,29.1,15.2,1993
1993-12-01,383.0,5.0,383.0,1724.0,4778.0,29.1,13.8,1993
1994-01-01,387.0,5.1,388.0,1805.0,4943.0,26.5,14.1,1994
1994-02-01,382.0,5.2,394.0,1866.0,5443.0,26.5,13.8,1994
1994-03-01,384.0,5.4,400.0,1915.0,5405.0,26.5,13.6,1994
1994-04-01,377.0,5.4,398.0,1882.0,5386.0,26.5,15.1,1994
1994-05-01,381.0,5.4,398.0,2151.0,5504.0,26.5,16.3,1994
1994-06-01,386.0,5.4,401.0,2364.0,5509.0,26.5,17.2,1994
1994-07-01,385.0,5.3,412.0,2458.0,5311.0,26.5,17.9,1994
1994-08-01,380.0,5.2,412.0,2406.0,5162.0,26.5,17.0,1994
1994-09-01,392.0,5.5,417.0,2506.0,5321.0,26.5,16.2,1994
1994-10-01,390.0,5.5,419.0,2548.0,5474.0,26.5,16.5,1994
1994-11-01,384.0,5.2,412.0,2802.0,6161.0,26.5,17.1,1994
1994-12-01,379.0,4.8,411.0,2985.0,5947.0,26.5,15.9,1994
1995-01-01,379.0,4.8,414.0,3009.0,6199.0,28.4,16.9,1995
1995-02-01,377.0,4.7,414.0,2878.0,5478.0,28.4,17.4,1995
1995-03-01,382.0,4.6,417.0,2924.0,5532.0,28.4,17.3,1995
1995-04-01,391.0,5.5,448.0,2904.0,5872.0,28.4,18.6,1995
1995-05-01,385.0,5.6,437.0,2773.0,5927.0,28.4,18.4,1995
1995-06-01,388.0,5.4,439.0,2995.0,6671.0,28.4,17.4,1995
1995-07-01,386.0,5.2,434.0,3076.0,6669.0,28.4,16.1,1995
1995-08-01,384.0,5.4,425.0,3037.0,6992.0,28.4,16.5,1995
1995-09-01,383.0,5.4,430.0,2916.0,6328.0,28.4,16.8,1995
1995-10-01,383.0,5.4,413.0,2814.0,6221.0,28.4,16.1,1995
1995-11-01,385.0,5.3,413.0,2977.0,6387.0,28.4,16.7,1995
1995-12-01,387.0,5.2,409.0,2926.0,6290.0,28.4,17.9,1995
1996-01-01,399.0,5.5,415.0,2616.0,6272.0,30.0,17.8,1996
1996-02-01,405.0,5.7,420.0,2538.0,6196.0,30.0,17.7,1996
1996-03-01,396.0,5.5,411.0,2561.0,6196.0,30.0,19.4,1996
1996-04-01,393.0,5.4,404.0,2596.0,6481.0,30.0,20.7,1996
1996-05-01,392.0,5.4,401.0,2658.0,6412.0,30.0,19.1,1996
1996-06-01,385.0,5.2,392.0,2173.0,6192.0,30.0,18.5,1996
1996-07-01,383.0,5.1,394.0,1986.0,6250.0,30.0,19.6,1996
1996-08-01,387.0,5.1,400.0,2009.0,6110.0,30.0,20.4,1996
1996-09-01,383.0,5.0,390.0,1941.0,6102.0,30.0,22.3,1996
1996-10-01,381.0,4.9,384.0,1961.0,5942.0,30.0,23.6,1996
1996-11-01,378.0,4.8,382.0,2231.0,5992.0,30.0,22.4,1996
1996-12-01,369.0,4.8,371.0,2268.0,5836.0,30.0,23.6,1996
1997-01-01,355.0,4.8,360.0,2435.0,5878.0,30.2,23.2,1997
1997-02-01,347.0,5.1,365.0,2406.0,5883.0,30.2,20.4,1997
1997-03-01,352.0,5.2,379.0,2421.0,5909.0,30.2,19.3,1997
1997-04-01,344.0,4.8,371.0,2391.0,5713.0,30.2,17.9,1997
1997-05-01,344.0,4.7,388.0,2514.0,5711.0,30.2,19.4,1997
1997-06-01,341.0,4.8,431.0,2613.0,5566.0,30.2,17.9,1997
1997-07-01,324.0,4.4,416.0,2450.0,5443.0,30.2,18.3,1997
1997-08-01,324.0,4.5,425.0,2251.0,5428.0,30.2,18.7,1997
1997-09-01,323.0,4.7,425.0,2107.0,5496.0,30.2,18.7,1997
1997-10-01,325.0,5.0,423.0,2052.0,5561.0,30.2,20.0,1997
1997-11-01,306.0,5.1,392.0,1917.0,5658.0,30.2,19.1,1997
1997-12-01,289.0,5.8,365.0,1762.0,5514.0,30.2,17.1,1997
1998-01-01,289.0,5.9,374.0,1688.0,5206.0,31.0,15.0,1998
1998-02-01,297.0,6.8,386.0,1665.0,5243.0,31.0,14.1,1998
1998-03-01,296.0,6.2,399.0,1748.0,5477.0,31.0,13.1,1998
1998-04-01,308.0,6.3,414.0,1801.0,5715.0,31.0,13.5,1998
1998-05-01,299.0,5.6,389.0,1733.0,5875.0,31.0,14.0,1998
1998-06-01,292.0,5.3,355.0,1661.0,5970.0,31.0,12.5,1998
1998-07-01,293.0,5.5,378.0,1651.0,5654.0,31.0,12.7,1998
1998-08-01,284.0,5.2,369.0,1621.0,5692.0,31.0,12.5,1998
1998-09-01,289.0,5.0,361.0,1648.0,5486.0,31.0,13.8,1998
1998-10-01,296.0,5.0,343.0,1586.0,5432.0,31.0,13.3,1998
1998-11-01,294.0,5.0,347.0,1574.0,5478.0,31.0,11.9,1998
1998-12-01,292.0,4.9,352.0,1474.0,5258.0,31.0,10.4,1998
1999-01-01,287.0,5.1,355.0,1431.0,5110.0,27.6,11.4,1999
1999-02-01,287.0,5.5,364.0,1411.0,5269.0,27.6,10.8,1999
1999-03-01,286.0,5.2,370.0,1378.0,5360.0,27.6,13.2,1999
1999-04-01,283.0,5.1,357.0,1466.0,5393.0,27.6,15.9,1999
1999-05-01,276.0,5.3,356.0,1511.0,5649.0,27.6,16.1,1999
1999-06-01,261.0,5.0,357.0,1422.0,5266.0,27.6,16.4,1999
1999-07-01,256.0,5.2,349.0,1640.0,5230.0,27.6,19.0,1999
1999-08-01,257.0,5.3,350.0,1648.0,5230.0,27.6,20.3,1999
1999-09-01,265.0,5.2,371.0,1750.0,5343.0,27.6,22.7,1999
1999-10-01,311.0,5.4,421.0,1724.0,5431.0,27.6,22.0,1999
1999-11-01,293.0,5.2,434.0,1728.0,5842.0,27.6,24.2,1999
1999-12-01,283.0,5.2,439.0,1765.0,5721.0,27.6,25.1,1999
2000-01-01,284.0,5.2,441.0,1844.0,5928.0,28.8,25.3,2000
2000-02-01,300.0,5.2,520.0,1801.0,5642.0,28.8,27.2,2000
2000-03-01,286.0,5.1,479.0,1739.0,5458.0,28.8,27.5,2000
2000-04-01,280.0,5.1,498.0,1679.0,5384.0,28.8,23.5,2000
2000-05-01,275.0,5.0,526.0,1786.0,5451.0,28.8,27.2,2000
2000-06-01,286.0,5.0,560.0,1753.0,5457.0,28.8,29.6,2000
2000-07-01,282.0,5.0,560.0,1799.0,5344.0,28.8,28.2,2000
2000-08-01,274.0,4.9,578.0,1856.0,5305.0,28.8,29.3,2000
2000-09-01,274.0,4.9,592.0,1960.0,5474.0,28.8,32.1,2000
2000-10-01,270.0,4.8,580.0,1899.0,5282.0,28.8,31.4,2000
2000-11-01,266.0,4.7,593.0,1795.0,5270.0,28.8,32.3,2000
2000-12-01,271.0,4.6,610.0,1851.0,5234.0,28.8,25.2,2000
2001-01-01,265.0,4.7,620.0,1788.0,5171.0,30.0,26.0,2001
2001-02-01,262.0,4.6,601.0,1766.0,5122.0,30.0,27.2,2001
2001-03-01,263.0,4.4,584.0,1739.0,5046.0,30.0,25.0,2001
2001-04-01,260.0,4.4,595.0,1664.0,4949.0,30.0,25.7,2001
2001-05-01,272.0,4.4,611.0,1682.0,4945.0,30.0,27.5,2001
2001-06-01,270.0,4.4,580.0,1608.0,4828.0,30.0,27.0,2001
2001-07-01,268.0,4.3,531.0,1525.0,4351.0,30.0,24.8,2001
2001-08-01,272.0,4.2,452.0,1464.0,3896.0,30.0,25.8,2001
2001-09-01,283.0,4.4,458.0,1426.0,3695.0,30.0,25.2,2001
2001-10-01,283.0,4.4,431.0,1377.0,3751.0,30.0,20.7,2001
2001-11-01,276.0,4.1,430.0,1428.0,4042.0,30.0,18.7,2001
2001-12-01,276.0,4.4,462.0,1472.0,4019.0,30.0,18.5,2001
2002-01-01,282.0,4.5,472.0,1504.0,3862.0,29.3,19.2,2002
2002-02-01,296.0,4.4,471.0,1562.0,3731.0,29.3,20.0,2002
2002-03-01,294.0,4.5,512.0,1605.0,3843.0,29.3,23.6,2002
2002-04-01,303.0,4.6,539.0,1590.0,4024.0,29.3,25.4,2002
2002-05-01,314.0,4.7,534.0,1596.0,4150.0,29.3,25.7,2002
2002-06-01,321.0,4.9,555.0,1648.0,4286.0,29.3,24.5,2002
2002-07-01,313.0,4.9,526.0,1589.0,4331.0,29.3,25.8,2002
2002-08-01,310.0,4.5,545.0,1480.0,3834.0,29.3,26.8,2002
2002-09-01,319.0,4.6,556.0,1479.0,3957.0,29.3,28.3,2002
2002-10-01,317.0,4.4,580.0,1484.0,4242.0,29.3,27.5,2002
2002-11-01,319.0,4.5,588.0,1582.0,4230.0,29.3,24.5,2002
2002-12-01,332.0,4.6,595.0,1596.0,4237.0,29.3,27.9,2002
2003-01-01,357.0,4.8,628.0,1648.0,4436.0,32.0,30.8,2003
2003-02-01,359.0,4.7,682.0,1684.0,4571.0,32.0,32.9,2003
2003-03-01,341.0,4.5,674.0,1659.0,4605.0,32.0,30.4,2003
2003-04-01,328.0,4.5,625.0,1587.0,4566.0,32.0,25.6,2003
2003-05-01,356.0,4.7,650.0,1648.0,4737.0,32.0,26.1,2003
2003-06-01,356.0,4.5,662.0,1687.0,4695.0,32.0,27.9,2003
2003-07-01,351.0,4.8,682.0,1710.0,4739.0,32.0,28.6,2003
2003-08-01,360.0,5.0,692.0,1760.0,4823.0,32.0,29.7,2003
2003-09-01,379.0,5.2,705.0,1790.0,4912.0,32.0,26.9,2003
2003-10-01,379.0,5.0,732.0,1921.0,5237.0,32.0,29.0,2003
2003-11-01,390.0,5.2,760.0,2055.0,5363.0,32.0,29.1,2003
2003-12-01,407.0,5.6,808.0,2201.0,6058.0,32.0,30.0,2003
2004-01-01,414.0,6.3,850.0,2424.0,6485.0,37.9,31.4,2004
2004-02-01,405.0,6.4,846.0,2760.0,6673.0,37.9,31.3,2004
2004-03-01,407.0,7.2,900.0,3009.0,7620.0,37.9,33.7,2004
2004-04-01,403.0,7.1,881.0,2949.0,8956.0,37.9,33.7,2004
2004-05-01,384.0,5.9,810.0,2734.0,9459.0,37.9,37.6,2004
2004-06-01,392.0,5.9,808.0,2687.0,9205.0,37.9,35.5,2004
2004-07-01,398.0,6.3,810.0,2808.0,9044.0,37.9,37.9,2004
2004-08-01,401.0,6.7,849.0,2846.0,9022.0,37.9,42.1,2004
2004-09-01,405.0,6.4,848.0,2895.0,9020.0,37.9,41.6,2004
2004-10-01,420.0,7.1,841.0,3012.0,9045.0,37.9,46.9,2004
2004-11-01,439.0,7.5,854.0,3123.0,9070.0,37.9,42.1,2004
2004-12-01,442.0,7.1,848.0,3145.0,8554.0,37.9,39.0,2004
2005-01-01,424.0,6.6,859.0,3170.0,7736.0,65.0,43.0,2005
2005-02-01,423.0,7.0,864.0,3254.0,8089.0,65.0,44.8,2005
2005-03-01,434.0,7.2,867.0,3379.0,8407.0,65.0,50.9,2005
2005-04-01,429.0,7.1,865.0,3394.0,8144.0,65.0,50.6,2005
2005-05-01,422.0,7.0,866.0,3249.0,8125.0,65.0,47.8,2005
2005-06-01,431.0,7.3,880.0,3524.0,7619.0,65.0,53.9,2005
2005-07-01,424.0,7.0,874.0,3614.0,7169.0,65.0,56.4,2005
2005-08-01,438.0,7.0,898.0,3798.0,7189.0,65.0,61.9,2005
2005-09-01,456.0,7.2,915.0,3858.0,6784.0,65.0,61.7,2005
2005-10-01,470.0,7.7,931.0,4060.0,6423.0,65.0,58.2,2005
2005-11-01,477.0,7.9,963.0,4269.0,6160.0,65.0,55.0,2005
2005-12-01,510.0,8.6,977.0,4577.0,6714.0,65.0,56.4,2005
2006-01-01,550.0,9.1,1026.0,4734.0,7051.0,67.2,62.5,2006
2006-02-01,555.0,9.5,1042.0,4982.0,7826.0,65.2,59.7,2006
2006-03-01,557.0,10.4,1041.0,5103.0,7940.0,66.7,60.9,2006
2006-04-01,611.0,12.6,1099.0,6388.0,8853.0,67.3,68.0,2006
2006-05-01,675.0,13.4,1261.0,8046.0,8837.0,67.3,68.7,2006
2006-06-01,596.0,10.8,1189.0,7198.0,7896.0,69.3,68.3,2006
2006-07-01,634.0,11.2,1229.0,7712.0,8419.0,70.5,72.5,2006
2006-08-01,633.0,12.2,1234.0,7696.0,8502.0,69.8,71.8,2006
2006-09-01,598.0,11.7,1184.0,7602.0,9039.0,70.0,62.1,2006
2006-10-01,586.0,11.6,1082.0,7500.0,9768.0,71.7,57.9,2006
2006-11-01,628.0,12.9,1183.0,7029.0,10079.0,73.5,58.1,2006
2006-12-01,630.0,13.3,1121.0,6675.0,11159.0,73.5,61.0,2006
2007-01-01,631.0,12.8,1147.0,5670.0,11362.0,78.2,53.5,2007
2007-02-01,665.0,13.9,1205.0,5676.0,12933.0,82.7,57.6,2007
2007-03-01,655.0,13.2,1219.0,6452.0,13893.0,88.6,60.6,2007
2007-04-01,679.0,13.7,1276.0,7766.0,14053.0,91.3,65.1,2007
2007-05-01,667.0,13.1,1301.0,7681.0,14140.0,102.0,65.2,2007
2007-06-01,656.0,13.1,1286.0,7474.0,14100.0,103.2,68.2,2007
2007-07-01,665.0,12.9,1303.0,7973.0,14738.0,106.1,73.6,2007
2007-08-01,665.0,12.3,1264.0,7514.0,15174.0,121.9,70.1,2007
2007-09-01,713.0,12.8,1308.0,7649.0,15023.0,148.7,76.8,2007
2007-10-01,755.0,13.7,1411.0,8008.0,16071.0,168.1,82.0,2007
2007-11-01,806.0,14.7,1449.0,6967.0,16692.0,195.1,91.3,2007
2007-12-01,803.0,14.3,1493.0,6588.0,16263.0,190.1,89.5,2007
2008-01-01,890.0,15.9,1583.0,7061.0,16337.0,193.4,90.7,2008
2008-02-01,922.0,17.6,2000.0,7888.0,17210.0,186.1,93.4,2008
2008-03-01,968.0,19.3,2025.0,8439.0,19804.0,197.1,101.8,2008
2008-04-01,910.0,17.5,1988.0,8685.0,21659.0,196.0,108.8,2008
2008-05-01,889.0,17.1,2052.0,8383.0,24062.0,193.0,122.6,2008
2008-06-01,889.0,17.0,2039.0,8261.0,22229.0,183.9,131.5,2008
2008-07-01,940.0,18.0,1904.0,8414.0,23139.0,180.5,132.8,2008
2008-08-01,839.0,14.6,1486.0,7635.0,20026.0,178.7,114.6,2008
2008-09-01,830.0,12.4,1223.0,6991.0,18369.0,139.6,99.7,2008
2008-10-01,807.0,10.4,913.0,4926.0,14402.0,88.7,72.7,2008
2008-11-01,761.0,9.9,840.0,3717.0,13644.0,65.0,54.0,2008
2008-12-01,816.0,10.3,840.0,3072.0,11240.0,70.0,41.3,2008
2009-01-01,859.0,11.3,947.0,3221.0,11373.0,72.5,43.9,2009
2009-02-01,943.0,13.4,1033.0,3315.0,11039.0,75.6,41.8,2009
2009-03-01,924.0,13.1,1082.0,3750.0,10676.0,64.1,46.6,2009
2009-04-01,890.0,12.5,1165.0,4407.0,11744.0,59.8,50.3,2009
2009-05-01,929.0,14.0,1129.0,4569.0,13793.0,62.7,58.2,2009
2009-06-01,946.0,14.7,1218.0,5014.0,14986.0,71.7,69.1,2009
2009-07-01,934.0,13.4,1162.0,5216.0,14039.0,84.0,64.7,2009
2009-08-01,949.0,14.4,1245.0,6165.0,14870.0,97.7,71.6,2009
2009-09-01,997.0,16.4,1289.0,6196.0,14869.0,80.7,68.3,2009
2009-10-01,1043.0,17.2,1333.0,6288.0,15009.0,86.8,74.1,2009
2009-11-01,1127.0,17.8,1401.0,6676.0,14942.0,99.3,77.6,2009
2009-12-01,1135.0,17.6,1437.0,6982.0,15547.0,105.1,74.9,2009
2010-01-01,1118.0,17.7,1558.0,7386.0,17715.0,125.7,77.1,2010
2010-02-01,1095.0,15.9,1520.0,6848.0,16362.0,127.5,74.8,2010
2010-03-01,1113.0,17.1,1599.0,7463.0,17549.0,139.7,79.3,2010
2010-04-01,1149.0,18.1,1711.0,7745.0,18684.0,172.5,84.2,2010
2010-05-01,1205.0,18.4,1625.0,6838.0,17566.0,161.4,75.6,2010
2010-06-01,1233.0,18.5,1553.0,6499.0,17320.0,143.6,74.7,2010
2010-07-01,1193.0,18.0,1526.0,6735.0,18191.0,126.4,74.6,2010
2010-08-01,1216.0,18.4,1541.0,7284.0,20755.0,145.3,75.8,2010
2010-09-01,1271.0,20.5,1592.0,7709.0,22701.0,140.6,76.1,2010
2010-10-01,1342.0,23.4,1689.0,8292.0,26343.0,148.5,81.7,2010
2010-11-01,1370.0,26.5,1693.0,8470.0,25519.0,156.1,84.5,2010
2010-12-01,1391.0,29.3,1711.0,9147.0,26163.0,163.1,90.0,2010
2011-01-01,1360.0,28.5,1785.0,9556.0,27465.0,179.2,92.7,2011
2011-02-01,1375.0,30.8,1826.0,9868.0,31526.0,187.2,97.9,2011
2011-03-01,1423.0,35.8,1770.0,9503.0,30591.0,169.4,108.6,2011
2011-04-01,1481.0,42.7,1798.0,9493.0,32363.0,179.3,116.2,2011
2011-05-01,1513.0,37.3,1787.0,8960.0,28676.0,177.1,108.1,2011
2011-06-01,1529.0,35.8,1769.0,9067.0,25520.0,170.9,105.8,2011
2011-07-01,1573.0,37.9,1760.0,9650.0,27398.0,173.0,107.9,2011
2011-08-01,1759.0,40.3,1805.0,9001.0,24042.0,177.5,100.5,2011
2011-09-01,1772.0,38.2,1748.0,8300.0,22527.0,177.2,100.8,2011
2011-10-01,1666.0,32.0,1535.0,7394.0,21869.0,150.4,99.8,2011
2011-11-01,1739.0,33.1,1597.0,7581.0,21292.0,135.5,105.4,2011
2011-12-01,1640.0,30.3,1455.0,7565.0,19375.0,136.4,104.2,2011
2012-01-01,1654.0,30.7,1499.0,8040.0,21439.0,140.3,107.1,2012
2012-02-01,1745.0,34.1,1658.0,8441.0,24293.0,140.4,112.7,2012
2012-03-01,1676.0,33.0,1655.0,8471.0,22985.0,144.7,117.8,2012
2012-04-01,1649.0,31.5,1586.0,8289.0,22201.0,147.6,113.7,2012
2012-05-01,1589.0,28.7,1471.0,7956.0,20405.0,136.6,104.1,2012
2012-06-01,1599.0,28.0,1444.0,7423.0,19271.0,134.7,90.7,2012
2012-07-01,1594.0,27.4,1426.0,7584.0,18546.0,127.9,96.8,2012
2012-08-01,1630.0,28.8,1453.0,7516.0,18773.0,107.5,105.3,2012
2012-09-01,1745.0,33.6,1624.0,8088.0,20771.0,99.5,106.3,2012
2012-10-01,1747.0,33.2,1636.0,8062.0,21234.0,114.0,103.4,2012
2012-11-01,1722.0,32.8,1576.0,7711.0,20713.0,120.4,101.2,2012
2012-12-01,1685.0,31.9,1582.0,7966.0,22881.0,128.5,101.2,2012
2013-01-01,1672.0,31.1,1639.0,8047.0,24546.0,150.5,105.1,2013
2013-02-01,1628.0,30.3,1675.0,8061.0,24212.0,154.6,107.6,2013
2013-03-01,1593.0,28.8,1583.0,7646.0,23297.0,139.9,102.5,2013
2013-04-01,1488.0,25.4,1493.0,7234.0,21662.0,137.4,98.9,2013
2013-05-01,1414.0,23.0,1475.0,7249.0,20776.0,124.0,99.4,2013
2013-06-01,1343.0,21.1,1430.0,7000.0,20267.0,114.8,99.7,2013
2013-07-01,1286.0,19.7,1401.0,6907.0,19564.0,127.2,105.3,2013
2013-08-01,1352.0,21.9,1496.0,7193.0,21644.0,137.1,108.2,2013
2013-09-01,1349.0,22.6,1457.0,7159.0,22735.0,134.2,108.8,2013
2013-10-01,1317.0,21.9,1413.0,7203.0,23102.0,132.6,105.4,2013
2013-11-01,1276.0,20.8,1420.0,7071.0,22827.0,136.3,102.6,2013
2013-12-01,1222.0,19.7,1356.0,7215.0,22762.0,135.8,105.5,2013
2014-01-01,1244.0,19.9,1421.0,7291.0,22064.0,128.1,102.1,2014
2014-02-01,1300.0,20.8,1410.0,7149.0,22821.0,121.4,104.8,2014
2014-03-01,1336.0,20.7,1452.0,6650.0,23024.0,111.8,104.0,2014
2014-04-01,1298.0,19.7,1430.0,6674.0,23405.0,114.6,104.9,2014
2014-05-01,1289.0,19.3,1456.0,6891.0,23271.0,100.6,105.7,2014
2014-06-01,1279.0,19.9,1453.0,6821.0,22762.0,92.7,108.4,2014
2014-07-01,1311.0,20.9,1492.0,7113.0,22424.0,96.1,105.2,2014
2014-08-01,1295.0,19.7,1446.0,7002.0,22231.0,92.6,100.1,2014
2014-09-01,1237.0,18.4,1359.0,6872.0,21091.0,82.4,95.9,2014
2014-10-01,1222.0,17.2,1260.0,6737.0,19830.0,81.1,86.1,2014
2014-11-01,1175.0,16.0,1208.0,6713.0,20033.0,73.7,77.0,2014
2014-12-01,1201.0,16.3,1215.0,6446.0,19830.0,68.4,60.7,2014
2015-01-01,1251.0,17.2,1242.0,5831.0,19454.0,68.2,47.1,2015
2015-02-01,1227.0,16.8,1197.0,5729.0,18234.0,62.8,54.8,2015
2015-03-01,1179.0,16.2,1139.0,5940.0,17422.0,58.1,52.8,2015
2015-04-01,1199.0,16.3,1151.0,6042.0,15901.0,52.3,57.5,2015
2015-05-01,1199.0,16.8,1140.0,6295.0,15804.0,60.3,62.5,2015
2015-06-01,1182.0,16.1,1089.0,5833.0,15065.0,62.6,61.3,2015
2015-07-01,1128.0,15.1,1009.0,5457.0,15072.0,52.4,54.3,2015
2015-08-01,1118.0,14.9,984.0,5127.0,15164.0,56.2,45.7,2015
2015-09-01,1125.0,14.8,964.0,5217.0,15453.0,57.0,46.3,2015
2015-10-01,1159.0,15.8,977.0,5216.0,15795.0,53.1,47.0,2015
2015-11-01,1086.0,14.5,885.0,4800.0,14745.0,46.9,43.1,2015
2015-12-01,1076.0,14.1,860.0,4639.0,14692.0,40.5,36.6,2015
2016-01-01,1098.0,14.1,855.0,4472.0,13808.0,41.9,29.8,2016
2016-02-01,1200.0,15.2,919.0,4599.0,15610.0,46.8,31.0,2016
2016-03-01,1245.0,15.5,968.0,4954.0,16898.0,56.2,37.3,2016
2016-04-01,1242.0,16.4,994.0,4873.0,17033.0,60.9,40.8,2016
2016-05-01,1261.0,16.9,1036.0,4695.0,16707.0,55.1,45.9,2016
2016-06-01,1276.0,17.3,984.0,4642.0,16967.0,52.0,47.7,2016
2016-07-01,1337.0,20.0,1088.0,4865.0,17826.0,57.3,44.1,2016
2016-08-01,1340.0,19.6,1122.0,4752.0,18427.0,60.9,44.9,2016
2016-09-01,1327.0,19.4,1047.0,4722.0,19500.0,57.8,45.0,2016
2016-10-01,1267.0,17.7,959.0,4731.0,20100.0,59.1,49.3,2016
2016-11-01,1238.0,17.4,955.0,5451.0,21126.0,73.1,45.3,2016
2016-12-01,1157.0,16.4,918.0,5660.0,21204.0,80.0,52.6,2016
2017-01-01,1192.0,16.9,971.0,5755.0,20692.0,80.4,53.6,2017
2017-02-01,1234.0,17.9,1008.0,5941.0,19446.0,89.4,54.4,2017
2017-03-01,1231.0,17.6,963.0,5825.0,19875.0,87.7,50.9,2017
2017-04-01,1267.0,18.0,961.0,5684.0,19910.0,70.2,52.2,2017
2017-05-01,1246.0,16.7,930.0,5600.0,20200.0,62.4,49.9,2017
2017-06-01,1260.0,16.9,931.0,5720.0,19659.0,57.5,46.2,2017
2017-07-01,1237.0,16.2,919.0,5985.0,20223.0,67.7,47.7,2017
2017-08-01,1283.0,17.0,973.0,6486.0,20521.0,76.1,49.9,2017
2017-09-01,1314.0,17.4,964.0,6577.0,20797.0,71.5,53.0,2017
2017-10-01,1280.0,16.9,921.0,6808.0,20376.0,61.7,54.9,2017
2017-11-01,1282.0,17.0,934.0,6827.0,19558.0,64.2,59.9,2017
2017-12-01,1264.0,16.2,907.0,6834.0,19476.0,72.3,61.2,2017
2018-01-01,1331.0,17.1,990.0,7066.0,20697.0,76.3,66.2,2018
2018-02-01,1331.0,16.6,987.0,7007.0,21652.0,77.5,63.5,2018
2018-03-01,1325.0,16.5,955.0,6799.0,21212.0,70.4,64.2,2018
2018-04-01,1335.0,16.6,924.0,6852.0,21291.0,65.8,68.8,2018
2018-05-01,1303.0,16.5,905.0,6825.0,20859.0,66.1,73.4,2018
2018-06-01,1282.0,16.5,885.0,6966.0,20661.0,65.0,72.0,2018
2018-07-01,1238.0,15.7,832.0,6251.0,19730.0,64.6,72.7,2018
2018-08-01,1202.0,15.0,805.0,6051.0,19229.0,67.2,71.1,2018
2018-09-01,1198.0,14.3,805.0,6051.0,18967.0,68.4,75.4,2018
2018-10-01,1215.0,14.6,830.0,6220.0,19121.0,73.4,76.7,2018
2018-11-01,1221.0,14.4,846.0,6196.0,19065.0,73.3,62.3,2018
2018-12-01,1250.0,14.8,791.0,6075.0,19260.0,69.2,54.0,2018
2019-01-01,1292.0,15.6,807.0,5939.0,20458.0,76.2,56.6,2019
2019-02-01,1320.0,15.8,818.0,6300.0,21264.0,88.2,61.1,2019
2019-03-01,1301.0,15.3,843.0,6439.0,21393.0,86.5,63.8,2019
2019-04-01,1286.0,15.1,887.0,6438.0,20604.0,93.7,68.6,2019
2019-05-01,1284.0,14.7,834.0,6018.0,19524.0,100.2,66.8,2019
2019-06-01,1359.0,15.0,808.0,5882.0,19193.0,108.9,59.8,2019
2019-07-01,1413.0,15.8,844.0,5941.0,17978.0,120.2,61.5,2019
2019-08-01,1500.0,17.2,859.0,5709.0,16609.0,93.1,57.7,2019
2019-09-01,1511.0,18.2,945.0,5759.0,16831.0,93.1,60.0,2019
2019-10-01,1495.0,17.6,897.0,5757.0,16603.0,88.5,57.3,2019
2019-11-01,1471.0,17.2,902.0,5860.0,16335.0,85.0,60.4,2019
2019-12-01,1479.0,17.1,924.0,6077.0,17141.0,92.7,63.4,2019
2020-01-01,1561.0,18.0,987.0,6031.0,17029.0,95.8,61.6,2020
2020-02-01,1597.0,17.9,961.0,5688.0,16480.0,87.7,53.3,2020
2020-03-01,1592.0,14.9,759.0,5183.0,15291.0,89.0,32.2,2020
2020-04-01,1683.0,15.1,754.0,5058.0,14953.0,84.7,21.0,2020
2020-05-01,1716.0,16.3,790.0,5240.0,15402.0,93.7,30.4,2020
2020-06-01,1732.0,17.7,821.0,5755.0,16838.0,103.3,39.5,2020
2020-07-01,1847.0,20.6,865.0,6372.0,17470.0,108.5,42.1,2020
2020-08-01,1969.0,27.0,940.0,6499.0,17650.0,121.1,43.4,2020
2020-09-01,1922.0,25.7,908.0,6705.0,17951.0,123.8,40.6,2020
2020-10-01,1900.0,24.2,876.0,6714.0,18177.0,119.8,39.9,2020
2020-11-01,1866.0,24.1,912.0,7069.0,18522.0,124.4,42.3,2020
2020-12-01,1858.0,25.0,1028.0,7772.0,19732.0,155.4,48.7,2020
2021-01-01,1867.0,25.9,1091.0,7972.0,21920.0,169.6,53.6,2021
2021-02-01,1808.0,27.3,1207.0,8471.0,26316.0,163.8,60.5,2021
2021-03-01,1718.0,25.6,1181.0,8988.0,27061.0,168.2,63.8,2021
2021-04-01,1760.0,25.7,1209.0,9325.0,28328.0,179.8,63.0,2021
2021-05-01,1850.0,27.5,1214.0,10162.0,32246.0,207.7,66.4,2021
2021-06-01,1835.0,27.0,1124.0,9632.0,32503.0,214.4,71.8,2021
2021-07-01,1808.0,25.7,1086.0,9451.0,34020.0,214.1,73.3,2021
2021-08-01,1785.0,24.0,1009.0,9370.0,35024.0,162.2,68.9,2021
2021-09-01,1775.0,23.2,973.0,9325.0,34887.0,124.5,72.8,2021
2021-10-01,1777.0,23.4,1017.0,9829.0,37723.0,122.9,82.1,2021
2021-11-01,1822.0,24.2,1038.0,9729.0,39159.0,96.2,79.9,2021
2021-12-01,1790.0,22.5,945.0,9551.0,39423.0,117.0,72.9,2021
2022-01-01,1816.0,23.2,994.0,9782.0,41792.0,132.5,83.9,2022
2022-02-01,1856.0,23.5,1049.0,9943.0,43983.0,142.8,93.5,2022
2022-03-01,1948.0,25.3,1043.0,10231.0,43950.0,152.1,112.4,2022
2022-04-01,1937.0,24.5,965.0,10161.0,42991.0,151.3,103.4,2022
2022-05-01,1849.0,21.9,958.0,9377.0,35769.0,131.2,110.1,2022
2022-06-01,1837.0,21.6,957.0,9024.0,31559.0,130.7,116.8,2022
2022-07-01,1733.0,19.1,869.0,7545.0,25396.0,108.6,105.1,2022
2022-08-01,1765.0,19.7,909.0,7982.0,24647.0,108.9,96.0,2022
2022-09-01,1681.0,18.9,881.0,7746.0,21124.0,99.8,88.2,2022
2022-10-01,1664.0,19.4,915.0,7651.0,19391.0,92.6,90.3,2022
2022-11-01,1725.0,21.0,989.0,8050.0,21250.0,93.3,87.4,2022
2022-12-01,1798.0,23.3,1011.0,8375.0,24172.0,111.8,78.1,2022
2023-01-01,1898.0,23.7,1053.0,9038.0,28154.0,122.2,80.4,2023
2023-02-01,1855.0,21.9,959.0,8937.0,26863.0,127.6,80.3,2023
2023-03-01,1913.0,22.0,971.0,8856.0,24000.0,128.4,76.5,2023
2023-04-01,2000.0,25.0,1051.0,8809.0,25794.0,117.4,82.5,2023
2023-05-01,1992.0,24.3,1063.0,8217.0,25534.0,105.2,74.1,2023
2023-06-01,1943.0,23.4,971.0,8397.0,27217.0,113.5,73.3,2023
2023-07-01,1951.0,24.3,950.0,8477.0,28743.0,114.4,79.0,2023
2023-08-01,1919.0,23.4,925.0,8349.0,26075.0,110.2,84.7,2023
2023-09-01,1916.0,23.1,921.0,8277.0,25574.0,121.0,92.2,2023
2023-10-01,1916.0,22.4,892.0,7937.0,24536.0,119.0,89.1,2023
2023-11-01,1984.0,23.5,906.0,8190.0,24168.0,131.1,81.4,2023
2023-12-01,2026.0,23.9,935.0,8400.0,24600.0,137.1,75.7,2023
2024-01-01,2034.0,22.9,926.0,8339.0,25100.0,135.8,77.7,2024
2024-02-01,2023.0,22.7,894.0,8305.0,26104.0,124.4,80.5,2024
2024-03-01,2158.0,24.5,909.0,8689.0,27450.0,109.8,83.5,2024
2024-04-01,2331.0,27.5,940.0,9464.0,31775.0,112.8,88.0,2024
2024-05-01,2351.0,29.4,1015.0,10139.0,32978.0,118.9,81.4,2024
2024-06-01,2326.0,29.6,985.0,9648.0,32033.0,107.5,81.2,2024
2024-07-01,2398.0,29.8,979.0,9385.0,31860.0,106.9,83.3,2024
2024-08-01,2470.0,28.5,945.0,8972.0,31492.0,99.9,78.1,2024
2024-09-01,2571.0,30.1,967.0,9237.0,31472.0,92.8,72.4,2024
2024-10-01,2690.0,32.4,999.0,9534.0,32012.0,101.4,74.0,2024
2024-11-01,2651.0,31.1,966.0,9076.0,29655.0,100.5,72.3,2024
2024-12-01,2648.0,30.8,938.0,8916.0,28865.0,102.2,72.3,2024
2025-01-01,2710.0,30.4,949.0,8991.0,29612.0,99.6,78.2,2025
2025-02-01,2895.0,32.2,978.0,9331.0,31833.0,105.1,73.8,2025
2025-03-01,2983.0,33.2,980.0,9740.0,34048.0,100.1,70.7,2025
2025-04-01,3218.0,32.2,959.0,9177.0,32565.0,97.2,65.9,2025
2025-05-01,3309.0,32.8,980.0,9533.0,31981.0,97.0,62.7,2025
2025-06-01,3353.0,36.0,1251.0,9835.0,32544.0,92.3,69.1,2025
2025-07-01,3340.0,37.7,1391.0,9771.0,33610.0,97.3,69.2,2025
2025-08-01,3368.0,38.2,1343.0,9670.0,33834.0,99.7,66.7,2025
2025-09-01,3668.0,42.8,1435.0,9984.0,34484.0,103.3,66.5,2025
2025-10-01,4058.0,49.4,1616.0,10740.0,36012.0,103.5,63.0,2025
2025-11-01,4087.0,50.4,1565.0,10812.0,36963.0,102.5,62.3,2025
2025-12-01,4309.0,62.3,1893.0,11785.0,41220.0,104.6,60.9,2025
2026-01-01,4753.0,92.1,2434.0,13012.0,49538.0,105.5,63.7,2026
2026-02-01,5020.0,81.9,2137.0,12951.0,48694.0,98.8,68.0,2026
2026-03-01,4856.0,77.9,2046.0,12529.0,47324.0,104.5,95.6,2026
2026-04-01,4721.0,75.9,2028.0,12951.0,48806.0,106.1,103.9,2026
2026-05-01,4587.0,78.0,1998.0,13543.0,53563.0,108.6,100.4,2026
2026-06-01,4228.0,66.7,1726.0,13552.0,53037.0,100.8,81.7,2026
2026-07-01,4073.0,58.8,1622.0,13543.0,52971.0,98.2,79.8,2026
2026-08-01,4411.0,65.4,1780.0,14326.0,55385.0,96.3,84.4,2026
