year,n_all_brazil,n_legal_amazon_states,n_amazon_biome,n_mining_brazil,n_mining_legal_amazon,n_all_RR,n_mining_RR,n_all_PA,n_mining_PA,n_all_AM,n_mining_AM,n_indigenous_text_legal_amazon,n_mining_and_indigenous_text_brazil,n_mining_and_indigenous_text_legal_amazon
2014,14775,6115,5467,461,119,197,16,2119,61,677,16,106,21,21
2015,16558,7227,6741,306,101,363,6,2459,35,612,15,74,5,5
2016,17084,7290,6884,352,128,260,9,1964,46,861,16,128,10,8
2017,15358,7485,7324,300,186,188,4,2107,42,977,80,94,13,13
2018,14577,5676,5351,359,213,308,1,1356,90,1119,31,142,21,19
2019,12480,5445,5010,231,120,371,1,1583,57,694,9,69,3,2
2020,9062,3343,3191,223,106,125,1,1281,47,337,7,259,12,12
2021,9163,3971,3728,313,182,250,20,1113,80,657,13,243,38,38
2022,12339,4676,3062,369,182,218,19,1544,35,654,65,230,26,23
2023,16386,7907,7379,464,354,422,61,2824,105,1167,51,252,47,46
2024,11668,5456,5246,537,415,460,47,1964,218,719,21,162,67,65
2025,15564,6615,6118,400,278,331,35,2137,40,1072,24,243,100,96
